test_name,client_name,target_opcode,source_label,param_existing_slots,nobs,intercept_runtime_ms,intercept_pvalue,rsquared,rsquared_adj,target_coef_runtime_ms,target_coef_pvalue,target_coef_conf_int_low,target_coef_conf_int_high,param_opcode,param_account_mode
test_account_access,besu,BALANCE,presets[cold_account_code_access],,264,489.4330606020176,0.001,0.8512815194702572,0.8507138916819758,0.025623010030590858,0.001,0.024525554971174666,0.02676697677300979,BALANCE,AccountMode.EXISTING_CONTRACT
test_account_access,erigon,BALANCE,presets[cold_account_code_access],,99,273.03077665200124,0.001,0.9130815359251248,0.9121854692851776,0.0342676959435774,0.001,0.03212924376783813,0.03608789273127521,BALANCE,AccountMode.EXISTING_CONTRACT
test_account_access,ethrex,BALANCE,presets[cold_account_code_access],,176,145.92094212379473,0.001,0.9815094090702757,0.9814031413063118,0.01806985577874258,0.001,0.01764469735172098,0.018526880845652342,BALANCE,AccountMode.EXISTING_CONTRACT
test_account_access,geth,BALANCE,presets[cold_account_code_access],,165,660.913446896837,0.001,0.8642737173752684,0.8634410407947486,0.023270454745923524,0.001,0.02173883369316265,0.02472593686319578,BALANCE,AccountMode.EXISTING_CONTRACT
test_account_access,nethermind,BALANCE,presets[cold_account_code_access],,110,42.805861665185304,0.198,0.6881289161654112,0.6852412209447205,0.015090438637263401,0.001,0.013225225632074808,0.016303710396370942,BALANCE,AccountMode.EXISTING_CONTRACT
test_account_access,reth,BALANCE,presets[cold_account_code_access],,198,249.9092105477924,0.001,0.8549913760019285,0.8542515360835711,0.019112103077608696,0.001,0.018014387620599488,0.020444070447487552,BALANCE,AccountMode.EXISTING_CONTRACT
test_account_access,besu,BALANCE,presets[cold_account_nocode_access],,264,550.5792564102177,0.001,0.7160104983677309,0.7149265689721879,0.012369984480487152,0.001,0.011441069774297758,0.01330820692430065,BALANCE,AccountMode.EXISTING_EOA
test_account_access,erigon,BALANCE,presets[cold_account_nocode_access],,99,23.766545019083225,0.004,0.9770953404382904,0.9768592099273449,0.008793236383175333,0.001,0.008552806004609953,0.009042451174724134,BALANCE,AccountMode.EXISTING_EOA
test_account_access,ethrex,BALANCE,presets[cold_account_nocode_access],,176,166.00270862378542,0.001,0.9804919287409776,0.9803798133889142,0.017568807112851137,0.001,0.017164617439678637,0.017979180632418424,BALANCE,AccountMode.EXISTING_EOA
test_account_access,geth,BALANCE,presets[cold_account_nocode_access],,165,404.19443924731223,0.001,0.9187367754186946,0.9182382280286252,0.010846246458965609,0.001,0.010276261551938821,0.011415260186836829,BALANCE,AccountMode.EXISTING_EOA
test_account_access,nethermind,BALANCE,presets[cold_account_nocode_access],,110,63.14486791706219,0.001,0.8255274375032833,0.8239119508134989,0.004331915249391388,0.001,0.003914850163563184,0.004712844730320015,BALANCE,AccountMode.EXISTING_EOA
test_account_access,reth,BALANCE,presets[cold_account_nocode_access],,198,47.45850088952107,0.001,0.9362663945739075,0.9359412231176519,0.0012302604993315513,0.001,0.0011841891577484872,0.0012802516414929068,BALANCE,AccountMode.EXISTING_EOA
test_account_access,besu,BALANCE,presets[cold_account_code_access],,264,534.2406109537966,0.001,0.7722921543717216,0.7714230404571099,0.012843374716666169,0.001,0.011997719933493616,0.013720371109135251,BALANCE,AccountMode.NON_EXISTING_ACCOUNT
test_account_access,besu,BALANCE,presets[cold_account_nocode_access],,264,534.2406109537966,0.001,0.7722921543717216,0.7714230404571099,0.012843374716666169,0.001,0.011997719933493616,0.013720371109135251,BALANCE,AccountMode.NON_EXISTING_ACCOUNT
test_account_access,erigon,BALANCE,presets[cold_account_code_access],,99,10.62278123472616,0.111,0.9749081021329291,0.9746494227734748,0.00800563164208075,0.001,0.007782753804595502,0.008197142933181946,BALANCE,AccountMode.NON_EXISTING_ACCOUNT
test_account_access,erigon,BALANCE,presets[cold_account_nocode_access],,99,10.62278123472616,0.111,0.9749081021329291,0.9746494227734748,0.00800563164208075,0.001,0.007782753804595502,0.008197142933181946,BALANCE,AccountMode.NON_EXISTING_ACCOUNT
test_account_access,ethrex,BALANCE,presets[cold_account_code_access],,176,0.0,1.0,0.9924790418954158,0.992435817998263,0.00271912132894654,0.001,0.0026837364221515697,0.002729888253620424,BALANCE,AccountMode.NON_EXISTING_ACCOUNT
test_account_access,ethrex,BALANCE,presets[cold_account_nocode_access],,176,0.0,1.0,0.9924790418954158,0.992435817998263,0.00271912132894654,0.001,0.0026837364221515697,0.002729888253620424,BALANCE,AccountMode.NON_EXISTING_ACCOUNT
test_account_access,geth,BALANCE,presets[cold_account_code_access],,165,707.8492062647252,0.001,0.8629667061126352,0.8621260110581115,0.0216748292176421,0.001,0.02035361171043478,0.023124898761583967,BALANCE,AccountMode.NON_EXISTING_ACCOUNT
test_account_access,geth,BALANCE,presets[cold_account_nocode_access],,165,707.8492062647252,0.001,0.8629667061126352,0.8621260110581115,0.0216748292176421,0.001,0.02035361171043478,0.023124898761583967,BALANCE,AccountMode.NON_EXISTING_ACCOUNT
test_account_access,nethermind,BALANCE,presets[cold_account_code_access],,110,64.32740891661717,0.001,0.7765928147047989,0.7745242296557693,0.0036658819122947143,0.001,0.0032737779392706693,0.004053838226699255,BALANCE,AccountMode.NON_EXISTING_ACCOUNT
test_account_access,nethermind,BALANCE,presets[cold_account_nocode_access],,110,64.32740891661717,0.001,0.7765928147047989,0.7745242296557693,0.0036658819122947143,0.001,0.0032737779392706693,0.004053838226699255,BALANCE,AccountMode.NON_EXISTING_ACCOUNT
test_account_access,reth,BALANCE,presets[cold_account_code_access],,198,45.96611519575782,0.001,0.9442341812384906,0.9439496617550135,0.0009294094348095183,0.001,0.0008956064086353966,0.0009649019210149271,BALANCE,AccountMode.NON_EXISTING_ACCOUNT
test_account_access,reth,BALANCE,presets[cold_account_nocode_access],,198,45.96611519575782,0.001,0.9442341812384906,0.9439496617550135,0.0009294094348095183,0.001,0.0008956064086353966,0.0009649019210149271,BALANCE,AccountMode.NON_EXISTING_ACCOUNT
test_account_access,besu,CALL,presets[cold_account_code_access],,264,534.4520294040668,0.001,0.8804945657853485,0.8800384381738422,0.027529086959018446,0.001,0.026295856859817345,0.028756626989002217,CALL,AccountMode.EXISTING_CONTRACT
test_account_access,besu,CALL,presets[cold_account_code_write],,264,1058.5980149977531,0.001,0.9146751132213545,0.9143494457145658,0.0856197327985257,0.001,0.08235779423930015,0.08877957891458205,CALL,AccountMode.EXISTING_CONTRACT
test_account_access,erigon,CALL,presets[cold_account_code_access],,99,953.793364211059,0.001,0.8789802528677805,0.8777326266086855,0.0816671124878038,0.001,0.07536107267304176,0.08685153279991009,CALL,AccountMode.EXISTING_CONTRACT
test_account_access,erigon,CALL,presets[cold_account_code_write],,99,1066.5146404949373,0.001,0.9920743436101146,0.9919926358122807,0.24583550421075562,0.001,0.24101465683008197,0.25023940843102327,CALL,AccountMode.EXISTING_CONTRACT
test_account_access,ethrex,CALL,presets[cold_account_code_access],,176,143.43400954962897,0.001,0.9817845723170187,0.9816798859510245,0.01826049980090967,0.001,0.01784026972030191,0.01868898893686016,CALL,AccountMode.EXISTING_CONTRACT
test_account_access,ethrex,CALL,presets[cold_account_code_write],,176,67.97541635939443,0.001,0.9936030903083404,0.9935663264595377,0.025697247461407814,0.001,0.025412229977223477,0.02602655347442584,CALL,AccountMode.EXISTING_CONTRACT
test_account_access,geth,CALL,presets[cold_account_code_access],,165,657.6655193925834,0.001,0.863754099576033,0.8629182351562541,0.02363781506977476,0.001,0.022066833011385963,0.025328432943298562,CALL,AccountMode.EXISTING_CONTRACT
test_account_access,geth,CALL,presets[cold_account_code_write],,165,304.6387944726833,0.001,0.9769935522874352,0.976852408436438,0.09783658743861665,0.001,0.09558671034205093,0.10035260308899102,CALL,AccountMode.EXISTING_CONTRACT
test_account_access,nethermind,CALL,presets[cold_account_code_access],,110,63.80974293059162,0.211,0.663766707472994,0.6606534362458922,0.017055110296575835,0.001,0.014562009357410647,0.018704775267405247,CALL,AccountMode.EXISTING_CONTRACT
test_account_access,nethermind,CALL,presets[cold_account_code_write],,110,122.73411682092332,0.003,0.8482461455620258,0.8468410172801928,0.05174496289945897,0.001,0.04756032297509687,0.05593769341360771,CALL,AccountMode.EXISTING_CONTRACT
test_account_access,reth,CALL,presets[cold_account_code_access],,198,283.4134481323429,0.001,0.800856573934169,0.7998405360460781,0.018963539185337042,0.001,0.01771249955612706,0.02037354517962107,CALL,AccountMode.EXISTING_CONTRACT
test_account_access,reth,CALL,presets[cold_account_code_write],,198,126.99052166254086,0.001,0.9258878130574195,0.9255096896546513,0.034846205676353804,0.001,0.033400462334283246,0.036208643451160386,CALL,AccountMode.EXISTING_CONTRACT
test_account_access,besu,CALL,presets[cold_account_nocode_access],,264,612.3790189004025,0.001,0.7686851422496761,0.7678022611132245,0.015771423894014147,0.001,0.014768314409946361,0.016828257367821356,CALL,AccountMode.EXISTING_EOA
test_account_access,besu,CALL,presets[cold_account_nocode_write],,264,395.4682656426645,0.001,0.9433569757946715,0.9431407810457961,0.07625611090785735,0.001,0.07392287538141758,0.07843990234149396,CALL,AccountMode.EXISTING_EOA
test_account_access,erigon,CALL,presets[cold_account_nocode_access],,99,32.83631052309185,0.001,0.9783157941837166,0.9780922456701466,0.010173447414147862,0.001,0.00984525629182615,0.010525608878131984,CALL,AccountMode.EXISTING_EOA
test_account_access,erigon,CALL,presets[cold_account_nocode_write],,99,189.61047950488918,0.001,0.9811244274774458,0.9809298339462854,0.060059521912072554,0.001,0.05843716242339501,0.06164185682826626,CALL,AccountMode.EXISTING_EOA
test_account_access,ethrex,CALL,presets[cold_account_nocode_access],,176,166.70214081572146,0.001,0.9808791999149838,0.9807693102593228,0.017693904891758226,0.001,0.017255891786267533,0.018143206229028944,CALL,AccountMode.EXISTING_EOA
test_account_access,ethrex,CALL,presets[cold_account_nocode_write],,176,70.70483462564535,0.001,0.9959833821309911,0.9959602981202497,0.024827853378573232,0.001,0.0245895915248846,0.02505845521127274,CALL,AccountMode.EXISTING_EOA
test_account_access,geth,CALL,presets[cold_account_nocode_access],,165,418.8697256393963,0.001,0.9183731196572569,0.9178723412502462,0.010794269629736317,0.001,0.010208398604045255,0.011428662311310655,CALL,AccountMode.EXISTING_EOA
test_account_access,geth,CALL,presets[cold_account_nocode_write],,165,171.71815629959974,0.001,0.9726095175646619,0.9724414777951199,0.05938987894654766,0.001,0.057841226662099066,0.060788881064060746,CALL,AccountMode.EXISTING_EOA
test_account_access,nethermind,CALL,presets[cold_account_nocode_access],,110,72.03238054711974,0.001,0.8451387726982007,0.8437048724454063,0.004662122457207366,0.001,0.004270605409330795,0.0050602296804806764,CALL,AccountMode.EXISTING_EOA
test_account_access,nethermind,CALL,presets[cold_account_nocode_write],,110,144.02536857217845,0.001,0.8342172161339042,0.8326821903573662,0.033571402669239046,0.001,0.03059744601427139,0.036450431738546576,CALL,AccountMode.EXISTING_EOA
test_account_access,reth,CALL,presets[cold_account_nocode_access],,198,46.1557176888642,0.001,0.9475398070053254,0.9472721529594341,0.0013010272820767766,0.001,0.0012551980268198208,0.0013485070817045076,CALL,AccountMode.EXISTING_EOA
test_account_access,reth,CALL,presets[cold_account_nocode_write],,198,86.27984451689358,0.001,0.9868938640145856,0.9868269959738436,0.025940082586818403,0.001,0.02547191991732722,0.026386413978759984,CALL,AccountMode.EXISTING_EOA
test_account_access,besu,CALL,presets[cold_account_code_access],,264,532.7201979309868,0.001,0.7913373037014099,0.7905408811964534,0.01622965552162038,0.001,0.015250354401708056,0.01710481654005156,CALL,AccountMode.NON_EXISTING_ACCOUNT
test_account_access,besu,CALL,presets[cold_account_code_write],,264,340.57873038818633,0.001,0.8586262393652678,0.8580866448590284,0.22129773726454247,0.001,0.2103375091897819,0.2331570263836431,CALL,AccountMode.NON_EXISTING_ACCOUNT
test_account_access,besu,CALL,presets[cold_account_nocode_access],,264,532.7201979309868,0.001,0.7913373037014099,0.7905408811964534,0.01622965552162038,0.001,0.015250354401708056,0.01710481654005156,CALL,AccountMode.NON_EXISTING_ACCOUNT
test_account_access,besu,CALL,presets[cold_account_nocode_write],,264,340.57873038818633,0.001,0.8586262393652678,0.8580866448590284,0.22129773726454247,0.001,0.2103375091897819,0.2331570263836431,CALL,AccountMode.NON_EXISTING_ACCOUNT
test_account_access,erigon,CALL,presets[cold_account_code_access],,99,5.836424038965679,0.277,0.9737654253381057,0.9734949658055089,0.009286032799615486,0.001,0.008992618704054444,0.00946369245927023,CALL,AccountMode.NON_EXISTING_ACCOUNT
test_account_access,erigon,CALL,presets[cold_account_code_write],,99,31.31629392337243,0.001,0.9799154543782018,0.9797083972068431,0.13899473641045035,0.001,0.13520046022999652,0.14284606065639455,CALL,AccountMode.NON_EXISTING_ACCOUNT
test_account_access,erigon,CALL,presets[cold_account_nocode_access],,99,5.836424038965679,0.277,0.9737654253381057,0.9734949658055089,0.009286032799615486,0.001,0.008992618704054444,0.00946369245927023,CALL,AccountMode.NON_EXISTING_ACCOUNT
test_account_access,erigon,CALL,presets[cold_account_nocode_write],,99,31.31629392337243,0.001,0.9799154543782018,0.9797083972068431,0.13899473641045035,0.001,0.13520046022999652,0.14284606065639455,CALL,AccountMode.NON_EXISTING_ACCOUNT
test_account_access,ethrex,CALL,presets[cold_account_code_access],,176,6.747833271983119,0.001,0.9876411185815214,0.9875700905273922,0.0027179252023304297,0.001,0.0026726516146390504,0.002765118328963456,CALL,AccountMode.NON_EXISTING_ACCOUNT
test_account_access,ethrex,CALL,presets[cold_account_code_write],,176,9.278214756522521,0.001,0.7495940589228818,0.7481549443189903,0.0137865332149443,0.001,0.012612599057324161,0.015029568195143554,CALL,AccountMode.NON_EXISTING_ACCOUNT
test_account_access,ethrex,CALL,presets[cold_account_nocode_access],,176,6.747833271983119,0.001,0.9876411185815214,0.9875700905273922,0.0027179252023304297,0.001,0.0026726516146390504,0.002765118328963456,CALL,AccountMode.NON_EXISTING_ACCOUNT
test_account_access,ethrex,CALL,presets[cold_account_nocode_write],,176,9.278214756522521,0.001,0.7495940589228818,0.7481549443189903,0.0137865332149443,0.001,0.012612599057324161,0.015029568195143554,CALL,AccountMode.NON_EXISTING_ACCOUNT
test_account_access,geth,CALL,presets[cold_account_code_access],,165,694.1125812082821,0.001,0.8635297254800515,0.8626924845320764,0.022355593423693452,0.001,0.02095186341363859,0.023874847333811778,CALL,AccountMode.NON_EXISTING_ACCOUNT
test_account_access,geth,CALL,presets[cold_account_code_write],,165,53.955933792612804,0.001,0.867596728422642,0.866784438412965,0.10068242650252711,0.001,0.09510476526465149,0.1068451371566336,CALL,AccountMode.NON_EXISTING_ACCOUNT
test_account_access,geth,CALL,presets[cold_account_nocode_access],,165,694.1125812082821,0.001,0.8635297254800515,0.8626924845320764,0.022355593423693452,0.001,0.02095186341363859,0.023874847333811778,CALL,AccountMode.NON_EXISTING_ACCOUNT
test_account_access,geth,CALL,presets[cold_account_nocode_write],,165,53.955933792612804,0.001,0.867596728422642,0.866784438412965,0.10068242650252711,0.001,0.09510476526465149,0.1068451371566336,CALL,AccountMode.NON_EXISTING_ACCOUNT
test_account_access,nethermind,CALL,presets[cold_account_code_access],,110,93.81845987832912,0.001,0.8130726231576705,0.8113418141128341,0.003908540851569326,0.001,0.0035807980055649296,0.004283585724086318,CALL,AccountMode.NON_EXISTING_ACCOUNT
test_account_access,nethermind,CALL,presets[cold_account_code_write],,110,22.472262140065922,0.001,0.7700846228843443,0.7679557767999401,0.049782331719314586,0.001,0.04532004523477787,0.05466078690266934,CALL,AccountMode.NON_EXISTING_ACCOUNT
test_account_access,nethermind,CALL,presets[cold_account_nocode_access],,110,93.81845987832912,0.001,0.8130726231576705,0.8113418141128341,0.003908540851569326,0.001,0.0035807980055649296,0.004283585724086318,CALL,AccountMode.NON_EXISTING_ACCOUNT
test_account_access,nethermind,CALL,presets[cold_account_nocode_write],,110,22.472262140065922,0.001,0.7700846228843443,0.7679557767999401,0.049782331719314586,0.001,0.04532004523477787,0.05466078690266934,CALL,AccountMode.NON_EXISTING_ACCOUNT
test_account_access,reth,CALL,presets[cold_account_code_access],,198,49.92265163566674,0.001,0.9390965155502778,0.9387857834867589,0.000944917334738399,0.001,0.0009099407125413587,0.0009783547792715456,CALL,AccountMode.NON_EXISTING_ACCOUNT
test_account_access,reth,CALL,presets[cold_account_code_write],,198,14.802197722279898,0.001,0.7066708332154283,0.7051742558338744,0.025876876812804938,0.001,0.02358380028523288,0.0281851958925535,CALL,AccountMode.NON_EXISTING_ACCOUNT
test_account_access,reth,CALL,presets[cold_account_nocode_access],,198,49.92265163566674,0.001,0.9390965155502778,0.9387857834867589,0.000944917334738399,0.001,0.0009099407125413587,0.0009783547792715456,CALL,AccountMode.NON_EXISTING_ACCOUNT
test_account_access,reth,CALL,presets[cold_account_nocode_write],,198,14.802197722279898,0.001,0.7066708332154283,0.7051742558338744,0.025876876812804938,0.001,0.02358380028523288,0.0281851958925535,CALL,AccountMode.NON_EXISTING_ACCOUNT
test_account_access,besu,CALLCODE,presets[cold_account_code_access],,264,512.9890766666413,0.001,0.8527461672018792,0.8521841296721154,0.02789212027495574,0.001,0.02649612051526043,0.02929726594608183,CALLCODE,AccountMode.EXISTING_CONTRACT
test_account_access,besu,CALLCODE,presets[cold_account_code_write],,264,385.7963819491066,0.001,0.6550622071445367,0.6537456506832563,0.02639196396593069,0.001,0.024221682313816266,0.028630418879757796,CALLCODE,AccountMode.EXISTING_CONTRACT
test_account_access,erigon,CALLCODE,presets[cold_account_code_access],,99,951.8966879119392,0.001,0.8802863316345965,0.8790521701050562,0.08141230203392022,0.001,0.07472513287249356,0.08686760739039073,CALLCODE,AccountMode.EXISTING_CONTRACT
test_account_access,erigon,CALLCODE,presets[cold_account_code_write],,99,352.97100552713454,0.001,0.9121396164284706,0.9112338392782486,0.07443596709130544,0.001,0.06997692398661123,0.07846121670319087,CALLCODE,AccountMode.EXISTING_CONTRACT
test_account_access,ethrex,CALLCODE,presets[cold_account_code_access],,176,144.5653122322029,0.001,0.981705459198766,0.9816003181596784,0.018236338025336474,0.001,0.017824511542406832,0.018670107290307523,CALLCODE,AccountMode.EXISTING_CONTRACT
test_account_access,ethrex,CALLCODE,presets[cold_account_code_write],,176,56.28044508052124,0.001,0.9912508695226298,0.9912005871635644,0.01578070595872007,0.001,0.015539856304883751,0.016028137358612197,CALLCODE,AccountMode.EXISTING_CONTRACT
test_account_access,geth,CALLCODE,presets[cold_account_code_access],,165,687.2829967926031,0.001,0.8584641826323658,0.8575958647344049,0.02321854486352732,0.001,0.02175148863141307,0.024817578311662435,CALLCODE,AccountMode.EXISTING_CONTRACT
test_account_access,geth,CALLCODE,presets[cold_account_code_write],,165,264.63878580538835,0.001,0.860903542276465,0.8600501897750936,0.024443506166870625,0.001,0.02281553514017643,0.026096511274105758,CALLCODE,AccountMode.EXISTING_CONTRACT
test_account_access,nethermind,CALLCODE,presets[cold_account_code_access],,110,151.16323688429824,0.013,0.6621133088744346,0.6589847284010498,0.015230298990247181,0.001,0.012889854009914301,0.017526751315367538,CALLCODE,AccountMode.EXISTING_CONTRACT
test_account_access,nethermind,CALLCODE,presets[cold_account_code_write],,110,92.1688787769639,0.001,0.5723814738636641,0.5684220430661054,0.015189807939965869,0.001,0.012666242430204176,0.017588623846532984,CALLCODE,AccountMode.EXISTING_CONTRACT
test_account_access,reth,CALLCODE,presets[cold_account_code_access],,198,307.6757275994245,0.001,0.8711096206560569,0.8704520166798123,0.018209776614299133,0.001,0.017407400741912767,0.01909722156808693,CALLCODE,AccountMode.EXISTING_CONTRACT
test_account_access,reth,CALLCODE,presets[cold_account_code_write],,198,58.284291315799045,0.002,0.7349271586373313,0.7335747461813993,0.02178372355164592,0.001,0.01987252315454033,0.023755067875113327,CALLCODE,AccountMode.EXISTING_CONTRACT
test_account_access,besu,CALLCODE,presets[cold_account_nocode_access],,264,569.4814063802826,0.001,0.7365490662367122,0.7355435283215852,0.015564750657987148,0.001,0.014493948006331971,0.01677224528527089,CALLCODE,AccountMode.EXISTING_EOA
test_account_access,besu,CALLCODE,presets[cold_account_nocode_write],,264,102.67482127782797,0.001,0.7568622171065548,0.755934210301618,0.023426811082172438,0.001,0.021874373896726404,0.025183932192560116,CALLCODE,AccountMode.EXISTING_EOA
test_account_access,erigon,CALLCODE,presets[cold_account_nocode_access],,99,35.43575050028746,0.001,0.9773472800254661,0.9771137468298524,0.00905979943577682,0.001,0.008805872688795643,0.009358677535046678,CALLCODE,AccountMode.EXISTING_EOA
test_account_access,erigon,CALLCODE,presets[cold_account_nocode_write],,99,25.934778735725523,0.001,0.9443667856187339,0.9437932473261436,0.007412909021413416,0.001,0.0070676039281233165,0.007850462905231736,CALLCODE,AccountMode.EXISTING_EOA
test_account_access,ethrex,CALLCODE,presets[cold_account_nocode_access],,176,169.41103032213493,0.001,0.9809118781722516,0.9808021763226668,0.017649481012630485,0.001,0.017230493648247875,0.018088739736547385,CALLCODE,AccountMode.EXISTING_EOA
test_account_access,ethrex,CALLCODE,presets[cold_account_nocode_write],,176,56.29205329339775,0.001,0.9914963164612894,0.9914474447168141,0.015161527414865148,0.001,0.014904937231001579,0.015392961997189075,CALLCODE,AccountMode.EXISTING_EOA
test_account_access,geth,CALLCODE,presets[cold_account_nocode_access],,165,410.6719789445544,0.001,0.9305604128654648,0.9301344031284431,0.011027219290171504,0.001,0.010482951268076739,0.011584708494890829,CALLCODE,AccountMode.EXISTING_EOA
test_account_access,geth,CALLCODE,presets[cold_account_nocode_write],,165,142.05701872638582,0.001,0.8868225377987504,0.8861281975398471,0.013395765794346622,0.001,0.012598769906290205,0.014195650451077057,CALLCODE,AccountMode.EXISTING_EOA
test_account_access,nethermind,CALLCODE,presets[cold_account_nocode_access],,110,58.76616407674424,0.001,0.8507290714732523,0.8493469332461527,0.004635874370965623,0.001,0.004277003423034003,0.005018656779846587,CALLCODE,AccountMode.EXISTING_EOA
test_account_access,nethermind,CALLCODE,presets[cold_account_nocode_write],,110,58.69718394408808,0.001,0.7287850047145223,0.7262737547581753,0.0043465591807990605,0.001,0.003845575580245035,0.004935964201185601,CALLCODE,AccountMode.EXISTING_EOA
test_account_access,reth,CALLCODE,presets[cold_account_nocode_access],,198,47.14110299575374,0.001,0.9348179546491274,0.9344853931932556,0.0012969719247530472,0.001,0.001244314443838985,0.0013443418428884016,CALLCODE,AccountMode.EXISTING_EOA
test_account_access,reth,CALLCODE,presets[cold_account_nocode_write],,198,11.871392563713608,0.001,0.8803261529349672,0.8797155720825945,0.001733548658173474,0.001,0.0016463760997262608,0.0018294328194640162,CALLCODE,AccountMode.EXISTING_EOA
test_account_access,besu,CALLCODE,presets[cold_account_code_access],,264,529.6362680602838,0.001,0.7521273261438645,0.7511812472360166,0.01518517558790262,0.001,0.014156197182814152,0.01623284421983325,CALLCODE,AccountMode.NON_EXISTING_ACCOUNT
test_account_access,besu,CALLCODE,presets[cold_account_code_write],,264,322.71838731293604,0.001,0.3077561016544812,0.3051139493707197,0.005808135100306709,0.001,0.004772332286635805,0.006834866027317093,CALLCODE,AccountMode.NON_EXISTING_ACCOUNT
test_account_access,besu,CALLCODE,presets[cold_account_nocode_access],,264,529.6362680602838,0.001,0.7521273261438645,0.7511812472360166,0.01518517558790262,0.001,0.014156197182814152,0.01623284421983325,CALLCODE,AccountMode.NON_EXISTING_ACCOUNT
test_account_access,besu,CALLCODE,presets[cold_account_nocode_write],,264,322.71838731293604,0.001,0.3077561016544812,0.3051139493707197,0.005808135100306709,0.001,0.004772332286635805,0.006834866027317093,CALLCODE,AccountMode.NON_EXISTING_ACCOUNT
test_account_access,erigon,CALLCODE,presets[cold_account_code_access],,99,15.982055853588204,0.029,0.9808879125083745,0.9806908806785639,0.008509646433369742,0.001,0.00826284504040015,0.008745250061669837,CALLCODE,AccountMode.NON_EXISTING_ACCOUNT
test_account_access,erigon,CALLCODE,presets[cold_account_code_write],,99,35.42869982670527,0.001,0.9308079084553622,0.9300945879239741,0.0019257328641521165,0.001,0.0018008814267014177,0.002044029005969997,CALLCODE,AccountMode.NON_EXISTING_ACCOUNT
test_account_access,erigon,CALLCODE,presets[cold_account_nocode_access],,99,15.982055853588204,0.029,0.9808879125083745,0.9806908806785639,0.008509646433369742,0.001,0.00826284504040015,0.008745250061669837,CALLCODE,AccountMode.NON_EXISTING_ACCOUNT
test_account_access,erigon,CALLCODE,presets[cold_account_nocode_write],,99,35.42869982670527,0.001,0.9308079084553622,0.9300945879239741,0.0019257328641521165,0.001,0.0018008814267014177,0.002044029005969997,CALLCODE,AccountMode.NON_EXISTING_ACCOUNT
test_account_access,ethrex,CALLCODE,presets[cold_account_code_access],,176,3.8572328843025216,0.005,0.9894495059833454,0.9893888709602612,0.0027583994932349042,0.001,0.002715728977525253,0.002801484680756655,CALLCODE,AccountMode.NON_EXISTING_ACCOUNT
test_account_access,ethrex,CALLCODE,presets[cold_account_code_write],,176,11.97575585335586,0.001,0.5683149930640499,0.5658340447483261,0.0003912737995604212,0.001,0.0003346298138592284,0.00044484378925096135,CALLCODE,AccountMode.NON_EXISTING_ACCOUNT
test_account_access,ethrex,CALLCODE,presets[cold_account_nocode_access],,176,3.8572328843025216,0.005,0.9894495059833454,0.9893888709602612,0.0027583994932349042,0.001,0.002715728977525253,0.002801484680756655,CALLCODE,AccountMode.NON_EXISTING_ACCOUNT
test_account_access,ethrex,CALLCODE,presets[cold_account_nocode_write],,176,11.97575585335586,0.001,0.5683149930640499,0.5658340447483261,0.0003912737995604212,0.001,0.0003346298138592284,0.00044484378925096135,CALLCODE,AccountMode.NON_EXISTING_ACCOUNT
test_account_access,geth,CALLCODE,presets[cold_account_code_access],,165,727.4437561565735,0.001,0.8713446304303936,0.8705553336845677,0.022464471844454915,0.001,0.02105314583272205,0.023747539041559292,CALLCODE,AccountMode.NON_EXISTING_ACCOUNT
test_account_access,geth,CALLCODE,presets[cold_account_code_write],,165,333.1503754023486,0.001,0.9668600024738563,0.9666566896055977,0.010436779809460586,0.001,0.01013699338560249,0.010744683973980918,CALLCODE,AccountMode.NON_EXISTING_ACCOUNT
test_account_access,geth,CALLCODE,presets[cold_account_nocode_access],,165,727.4437561565735,0.001,0.8713446304303936,0.8705553336845677,0.022464471844454915,0.001,0.02105314583272205,0.023747539041559292,CALLCODE,AccountMode.NON_EXISTING_ACCOUNT
test_account_access,geth,CALLCODE,presets[cold_account_nocode_write],,165,333.1503754023486,0.001,0.9668600024738563,0.9666566896055977,0.010436779809460586,0.001,0.01013699338560249,0.010744683973980918,CALLCODE,AccountMode.NON_EXISTING_ACCOUNT
test_account_access,nethermind,CALLCODE,presets[cold_account_code_access],,110,56.585540506074544,0.001,0.8090569203658918,0.8072889288877982,0.004053309929590437,0.001,0.003621357810719471,0.0045308542998307895,CALLCODE,AccountMode.NON_EXISTING_ACCOUNT
test_account_access,nethermind,CALLCODE,presets[cold_account_code_write],,110,42.9232869644677,0.001,0.4784829787582122,0.47365411745041797,0.0014854603993743084,0.001,0.0012486445281831605,0.0017429809401326287,CALLCODE,AccountMode.NON_EXISTING_ACCOUNT
test_account_access,nethermind,CALLCODE,presets[cold_account_nocode_access],,110,56.585540506074544,0.001,0.8090569203658918,0.8072889288877982,0.004053309929590437,0.001,0.003621357810719471,0.0045308542998307895,CALLCODE,AccountMode.NON_EXISTING_ACCOUNT
test_account_access,nethermind,CALLCODE,presets[cold_account_nocode_write],,110,42.9232869644677,0.001,0.4784829787582122,0.47365411745041797,0.0014854603993743084,0.001,0.0012486445281831605,0.0017429809401326287,CALLCODE,AccountMode.NON_EXISTING_ACCOUNT
test_account_access,reth,CALLCODE,presets[cold_account_code_access],,198,48.03867209190186,0.001,0.944655127486185,0.9443727556876451,0.0009529525936160756,0.001,0.0009220578932846522,0.0009877537587017712,CALLCODE,AccountMode.NON_EXISTING_ACCOUNT
test_account_access,reth,CALLCODE,presets[cold_account_code_write],,198,9.22910625383502,0.001,0.332773903768082,0.3293696889913885,0.0003199518060111687,0.001,0.0002644213969996816,0.0003725377206819993,CALLCODE,AccountMode.NON_EXISTING_ACCOUNT
test_account_access,reth,CALLCODE,presets[cold_account_nocode_access],,198,48.03867209190186,0.001,0.944655127486185,0.9443727556876451,0.0009529525936160756,0.001,0.0009220578932846522,0.0009877537587017712,CALLCODE,AccountMode.NON_EXISTING_ACCOUNT
test_account_access,reth,CALLCODE,presets[cold_account_nocode_write],,198,9.22910625383502,0.001,0.332773903768082,0.3293696889913885,0.0003199518060111687,0.001,0.0002644213969996816,0.0003725377206819993,CALLCODE,AccountMode.NON_EXISTING_ACCOUNT
test_account_access,besu,DELEGATECALL,presets[cold_account_code_access],,264,475.2767260214508,0.001,0.8556364141374264,0.8550854080845158,0.02825470241948011,0.001,0.026960102924763536,0.029575486949256963,DELEGATECALL,AccountMode.EXISTING_CONTRACT
test_account_access,erigon,DELEGATECALL,presets[cold_account_code_access],,99,956.0479513094956,0.001,0.8801255901403436,0.8788897714819967,0.08141158040505136,0.001,0.07502634371802554,0.08656969591757664,DELEGATECALL,AccountMode.EXISTING_CONTRACT
test_account_access,ethrex,DELEGATECALL,presets[cold_account_code_access],,176,143.60917672007074,0.001,0.9803428593892635,0.980229887316788,0.01823171732083272,0.001,0.017820251926202128,0.01865175342333277,DELEGATECALL,AccountMode.EXISTING_CONTRACT
test_account_access,geth,DELEGATECALL,presets[cold_account_code_access],,165,659.1510721565963,0.001,0.866264203087345,0.8654437380756109,0.023666464985370773,0.001,0.02208115061030061,0.02519051814508866,DELEGATECALL,AccountMode.EXISTING_CONTRACT
test_account_access,nethermind,DELEGATECALL,presets[cold_account_code_access],,110,148.01412020258664,0.003,0.6914557620351269,0.6885988709428597,0.01544278911993885,0.001,0.013853333429886757,0.017191723988390934,DELEGATECALL,AccountMode.EXISTING_CONTRACT
test_account_access,reth,DELEGATECALL,presets[cold_account_code_access],,198,215.76336940467598,0.001,0.8139721127938576,0.8130229909203569,0.019986361747826087,0.001,0.01869236639928546,0.021636045366433734,DELEGATECALL,AccountMode.EXISTING_CONTRACT
test_account_access,besu,DELEGATECALL,presets[cold_account_nocode_access],,264,582.4235806274518,0.001,0.7537309870050749,0.7527910289402088,0.015025394568981875,0.001,0.014044486304664873,0.015998668386564392,DELEGATECALL,AccountMode.EXISTING_EOA
test_account_access,erigon,DELEGATECALL,presets[cold_account_nocode_access],,99,38.68595648753231,0.001,0.9795471253616672,0.9793362709839525,0.00897272945062801,0.001,0.008705507918728974,0.009264960084958532,DELEGATECALL,AccountMode.EXISTING_EOA
test_account_access,ethrex,DELEGATECALL,presets[cold_account_nocode_access],,176,168.27003763427038,0.001,0.981198311671321,0.9810902559912711,0.017657582272182892,0.001,0.0172375643086632,0.018093508952849186,DELEGATECALL,AccountMode.EXISTING_EOA
test_account_access,geth,DELEGATECALL,presets[cold_account_nocode_access],,165,408.0176922772454,0.001,0.924797970985363,0.9243366088441689,0.011055904012584546,0.001,0.010491736059067436,0.01159688740997776,DELEGATECALL,AccountMode.EXISTING_EOA
test_account_access,nethermind,DELEGATECALL,presets[cold_account_nocode_access],,110,69.18215022354383,0.001,0.773111252997305,0.7710104312657986,0.004772947985624835,0.001,0.004291131933997514,0.005302393296846828,DELEGATECALL,AccountMode.EXISTING_EOA
test_account_access,reth,DELEGATECALL,presets[cold_account_nocode_access],,198,47.255521495116234,0.001,0.9253953370259193,0.9250147009903372,0.0012837983901644514,0.001,0.0012298028301098495,0.001339769335268278,DELEGATECALL,AccountMode.EXISTING_EOA
test_account_access,besu,DELEGATECALL,presets[cold_account_code_access],,264,540.14828466018,0.001,0.7703031531592897,0.7694264476369969,0.0147317634587092,0.001,0.013767853094341314,0.015657230156007264,DELEGATECALL,AccountMode.NON_EXISTING_ACCOUNT
test_account_access,besu,DELEGATECALL,presets[cold_account_nocode_access],,264,540.14828466018,0.001,0.7703031531592897,0.7694264476369969,0.0147317634587092,0.001,0.013767853094341314,0.015657230156007264,DELEGATECALL,AccountMode.NON_EXISTING_ACCOUNT
test_account_access,erigon,DELEGATECALL,presets[cold_account_code_access],,99,8.91815543496194,0.17,0.9778591776202624,0.9776309217194404,0.008617067662251277,0.001,0.008373022094885383,0.008806539597186117,DELEGATECALL,AccountMode.NON_EXISTING_ACCOUNT
test_account_access,erigon,DELEGATECALL,presets[cold_account_nocode_access],,99,8.91815543496194,0.17,0.9778591776202624,0.9776309217194404,0.008617067662251277,0.001,0.008373022094885383,0.008806539597186117,DELEGATECALL,AccountMode.NON_EXISTING_ACCOUNT
test_account_access,ethrex,DELEGATECALL,presets[cold_account_code_access],,176,2.3479286296100694,0.065,0.9899068656919141,0.9898488591729021,0.0027792591879740257,0.001,0.00273563549715085,0.0028169533645925632,DELEGATECALL,AccountMode.NON_EXISTING_ACCOUNT
test_account_access,ethrex,DELEGATECALL,presets[cold_account_nocode_access],,176,2.3479286296100694,0.065,0.9899068656919141,0.9898488591729021,0.0027792591879740257,0.001,0.00273563549715085,0.0028169533645925632,DELEGATECALL,AccountMode.NON_EXISTING_ACCOUNT
test_account_access,geth,DELEGATECALL,presets[cold_account_code_access],,165,697.0374750155771,0.001,0.8708980783199373,0.8701060419906117,0.022589235775105975,0.001,0.021069826682627982,0.024044741562828084,DELEGATECALL,AccountMode.NON_EXISTING_ACCOUNT
test_account_access,geth,DELEGATECALL,presets[cold_account_nocode_access],,165,697.0374750155771,0.001,0.8708980783199373,0.8701060419906117,0.022589235775105975,0.001,0.021069826682627982,0.024044741562828084,DELEGATECALL,AccountMode.NON_EXISTING_ACCOUNT
test_account_access,nethermind,DELEGATECALL,presets[cold_account_code_access],,110,49.302331150069,0.001,0.8669772088021739,0.8657455162910829,0.00445267648870222,0.001,0.004111162831585173,0.0048155820175362195,DELEGATECALL,AccountMode.NON_EXISTING_ACCOUNT
test_account_access,nethermind,DELEGATECALL,presets[cold_account_nocode_access],,110,49.302331150069,0.001,0.8669772088021739,0.8657455162910829,0.00445267648870222,0.001,0.004111162831585173,0.0048155820175362195,DELEGATECALL,AccountMode.NON_EXISTING_ACCOUNT
test_account_access,reth,DELEGATECALL,presets[cold_account_code_access],,198,49.636715105227694,0.001,0.9407423317711535,0.9404399967291697,0.0009319938140706068,0.001,0.0008957122031593585,0.0009680317976563632,DELEGATECALL,AccountMode.NON_EXISTING_ACCOUNT
test_account_access,reth,DELEGATECALL,presets[cold_account_nocode_access],,198,49.636715105227694,0.001,0.9407423317711535,0.9404399967291697,0.0009319938140706068,0.001,0.0008957122031593585,0.0009680317976563632,DELEGATECALL,AccountMode.NON_EXISTING_ACCOUNT
test_account_access,besu,EXTCODECOPY,presets[cold_account_code_access],,264,477.8220889852776,0.001,0.49663275580900434,0.49471150678537457,0.0016175770052033918,0.001,0.0014134081792313174,0.0018338204145164634,EXTCODECOPY,AccountMode.EXISTING_CONTRACT
test_account_access,erigon,EXTCODECOPY,presets[cold_account_code_access],,99,34.299227400689716,0.001,0.8795252556951174,0.8782832480218712,0.0003106436186433482,0.001,0.0002871970459512,0.00033680305662219824,EXTCODECOPY,AccountMode.EXISTING_CONTRACT
test_account_access,ethrex,EXTCODECOPY,presets[cold_account_code_access],,176,22.324516679506818,0.001,0.8067525279429436,0.8056419102874433,0.00021875367397986356,0.001,0.00020346991154191927,0.00023377971089684772,EXTCODECOPY,AccountMode.EXISTING_CONTRACT
test_account_access,geth,EXTCODECOPY,presets[cold_account_code_access],,165,49.5045398580746,0.001,0.9026074557883107,0.9020099555170733,0.0007447794662891732,0.001,0.0007026603465597104,0.0007854482392385338,EXTCODECOPY,AccountMode.EXISTING_CONTRACT
test_account_access,nethermind,EXTCODECOPY,presets[cold_account_code_access],,110,184.79444167852617,0.001,0.776546427027153,0.7744774124625896,0.0013377829993851745,0.001,0.001207592704504825,0.0014642633449137128,EXTCODECOPY,AccountMode.EXISTING_CONTRACT
test_account_access,reth,EXTCODECOPY,presets[cold_account_code_access],,198,11.401682785201931,0.001,0.6865760477945612,0.6849769459975946,0.00011642578026645908,0.001,0.00010474476323767659,0.0001268385562121491,EXTCODECOPY,AccountMode.EXISTING_CONTRACT
test_account_access,besu,EXTCODECOPY,presets[cold_account_code_access],,264,249.33797599485882,0.001,0.5024864892419205,0.5005875827123095,0.0003394898452326271,0.001,0.00029592876618972857,0.0003790776350015967,EXTCODECOPY,AccountMode.NON_EXISTING_ACCOUNT
test_account_access,besu,EXTCODECOPY,presets[cold_account_nocode_access],,264,249.33797599485882,0.001,0.5024864892419205,0.5005875827123095,0.0003394898452326271,0.001,0.00029592876618972857,0.0003790776350015967,EXTCODECOPY,AccountMode.NON_EXISTING_ACCOUNT
test_account_access,erigon,EXTCODECOPY,presets[cold_account_code_access],,99,25.52913722019677,0.001,0.8630926345806285,0.8616812184422844,7.145432605173032e-05,0.001,6.531039216285614e-05,7.754232732483566e-05,EXTCODECOPY,AccountMode.NON_EXISTING_ACCOUNT
test_account_access,erigon,EXTCODECOPY,presets[cold_account_nocode_access],,99,25.52913722019677,0.001,0.8630926345806285,0.8616812184422844,7.145432605173032e-05,0.001,6.531039216285614e-05,7.754232732483566e-05,EXTCODECOPY,AccountMode.NON_EXISTING_ACCOUNT
test_account_access,ethrex,EXTCODECOPY,presets[cold_account_code_access],,176,8.797131916589999,0.001,0.7613511939937836,0.7599796491316789,3.772400499954424e-05,0.001,3.479509872587771e-05,4.1151412149438865e-05,EXTCODECOPY,AccountMode.NON_EXISTING_ACCOUNT
test_account_access,ethrex,EXTCODECOPY,presets[cold_account_nocode_access],,176,8.797131916589999,0.001,0.7613511939937836,0.7599796491316789,3.772400499954424e-05,0.001,3.479509872587771e-05,4.1151412149438865e-05,EXTCODECOPY,AccountMode.NON_EXISTING_ACCOUNT
test_account_access,geth,EXTCODECOPY,presets[cold_account_code_access],,165,28.164681492889613,0.001,0.9387291307363532,0.9383532358328953,0.0003497180736867153,0.001,0.0003352161178364768,0.0003648002174826172,EXTCODECOPY,AccountMode.NON_EXISTING_ACCOUNT
test_account_access,geth,EXTCODECOPY,presets[cold_account_nocode_access],,165,28.164681492889613,0.001,0.9387291307363532,0.9383532358328953,0.0003497180736867153,0.001,0.0003352161178364768,0.0003648002174826172,EXTCODECOPY,AccountMode.NON_EXISTING_ACCOUNT
test_account_access,nethermind,EXTCODECOPY,presets[cold_account_code_access],,110,128.9315776174081,0.001,0.7134867773455285,0.7108338771357648,0.00032757019561986363,0.001,0.00028657915639775767,0.000367297676380009,EXTCODECOPY,AccountMode.NON_EXISTING_ACCOUNT
test_account_access,nethermind,EXTCODECOPY,presets[cold_account_nocode_access],,110,128.9315776174081,0.001,0.7134867773455285,0.7108338771357648,0.00032757019561986363,0.001,0.00028657915639775767,0.000367297676380009,EXTCODECOPY,AccountMode.NON_EXISTING_ACCOUNT
test_account_access,reth,EXTCODECOPY,presets[cold_account_code_access],,198,8.357620269354927,0.001,0.6071586170614278,0.6051543242913331,2.1569086013257145e-05,0.001,1.9301170667662593e-05,2.4110780717903342e-05,EXTCODECOPY,AccountMode.NON_EXISTING_ACCOUNT
test_account_access,reth,EXTCODECOPY,presets[cold_account_nocode_access],,198,8.357620269354927,0.001,0.6071586170614278,0.6051543242913331,2.1569086013257145e-05,0.001,1.9301170667662593e-05,2.4110780717903342e-05,EXTCODECOPY,AccountMode.NON_EXISTING_ACCOUNT
test_account_access,besu,EXTCODEHASH,presets[cold_account_code_access],,264,482.9623078434789,0.001,0.8404178087784059,0.839808716445499,0.0259389174159291,0.001,0.024679822734247316,0.027180601341356206,EXTCODEHASH,AccountMode.EXISTING_CONTRACT
test_account_access,erigon,EXTCODEHASH,presets[cold_account_code_access],,99,267.47257243149755,0.001,0.9141467421682059,0.9132616570359193,0.03403548054100507,0.001,0.031931970124049004,0.03581684888351744,EXTCODEHASH,AccountMode.EXISTING_CONTRACT
test_account_access,ethrex,EXTCODEHASH,presets[cold_account_code_access],,176,147.84112785585054,0.001,0.9816192899885073,0.9815136537240735,0.018033400690812645,0.001,0.017549192545139508,0.01846305297890472,EXTCODEHASH,AccountMode.EXISTING_CONTRACT
test_account_access,geth,EXTCODEHASH,presets[cold_account_code_access],,165,673.8042252187089,0.001,0.8557891919362742,0.8549044630524477,0.023159093373803962,0.001,0.02165980817295286,0.02462487113358167,EXTCODEHASH,AccountMode.EXISTING_CONTRACT
test_account_access,nethermind,EXTCODEHASH,presets[cold_account_code_access],,110,0.0,1.0,0.7331531744456752,0.7306823705053573,0.0168518979725904,0.001,0.015932748841108922,0.017625630725181158,EXTCODEHASH,AccountMode.EXISTING_CONTRACT
test_account_access,reth,EXTCODEHASH,presets[cold_account_code_access],,198,302.7654410811596,0.001,0.8185714032469684,0.8176457471410856,0.01849384678766732,0.001,0.017212140293920198,0.019926312307278402,EXTCODEHASH,AccountMode.EXISTING_CONTRACT
test_account_access,besu,EXTCODEHASH,presets[cold_account_code_access],,264,511.6347155412419,0.001,0.774762974444661,0.7739032911410146,0.013093561993089487,0.001,0.012186492527434093,0.013998601848376804,EXTCODEHASH,AccountMode.NON_EXISTING_ACCOUNT
test_account_access,besu,EXTCODEHASH,presets[cold_account_nocode_access],,264,511.6347155412419,0.001,0.774762974444661,0.7739032911410146,0.013093561993089487,0.001,0.012186492527434093,0.013998601848376804,EXTCODEHASH,AccountMode.NON_EXISTING_ACCOUNT
test_account_access,erigon,EXTCODEHASH,presets[cold_account_code_access],,99,0.0,1.0,0.9776648890398736,0.977434630163996,0.0077303755379784875,0.001,0.0075309400777029325,0.007813003767926673,EXTCODEHASH,AccountMode.NON_EXISTING_ACCOUNT
test_account_access,erigon,EXTCODEHASH,presets[cold_account_nocode_access],,99,0.0,1.0,0.9776648890398736,0.977434630163996,0.0077303755379784875,0.001,0.0075309400777029325,0.007813003767926673,EXTCODEHASH,AccountMode.NON_EXISTING_ACCOUNT
test_account_access,ethrex,EXTCODEHASH,presets[cold_account_code_access],,176,0.11632593157732656,0.447,0.9938278096144278,0.9937923372558901,0.0027226442087087827,0.001,0.002691997494101671,0.0027329815733411825,EXTCODEHASH,AccountMode.NON_EXISTING_ACCOUNT
test_account_access,ethrex,EXTCODEHASH,presets[cold_account_nocode_access],,176,0.11632593157732656,0.447,0.9938278096144278,0.9937923372558901,0.0027226442087087827,0.001,0.002691997494101671,0.0027329815733411825,EXTCODEHASH,AccountMode.NON_EXISTING_ACCOUNT
test_account_access,geth,EXTCODEHASH,presets[cold_account_code_access],,165,697.3215057379092,0.001,0.8668517366939816,0.8660348761829018,0.02183200628252172,0.001,0.020428424923434527,0.023201400464619062,EXTCODEHASH,AccountMode.NON_EXISTING_ACCOUNT
test_account_access,geth,EXTCODEHASH,presets[cold_account_nocode_access],,165,697.3215057379092,0.001,0.8668517366939816,0.8660348761829018,0.02183200628252172,0.001,0.020428424923434527,0.023201400464619062,EXTCODEHASH,AccountMode.NON_EXISTING_ACCOUNT
test_account_access,nethermind,EXTCODEHASH,presets[cold_account_code_access],,110,49.892934663076105,0.001,0.8407200014649178,0.839245186663667,0.004016380785001392,0.001,0.0036725977907850894,0.004365679909229602,EXTCODEHASH,AccountMode.NON_EXISTING_ACCOUNT
test_account_access,nethermind,EXTCODEHASH,presets[cold_account_nocode_access],,110,49.892934663076105,0.001,0.8407200014649178,0.839245186663667,0.004016380785001392,0.001,0.0036725977907850894,0.004365679909229602,EXTCODEHASH,AccountMode.NON_EXISTING_ACCOUNT
test_account_access,reth,EXTCODEHASH,presets[cold_account_code_access],,198,49.50821083687259,0.001,0.9351250179778846,0.9347940231716493,0.0008879049148133778,0.001,0.0008548946376542775,0.0009199077958920998,EXTCODEHASH,AccountMode.NON_EXISTING_ACCOUNT
test_account_access,reth,EXTCODEHASH,presets[cold_account_nocode_access],,198,49.50821083687259,0.001,0.9351250179778846,0.9347940231716493,0.0008879049148133778,0.001,0.0008548946376542775,0.0009199077958920998,EXTCODEHASH,AccountMode.NON_EXISTING_ACCOUNT
test_account_access,besu,EXTCODESIZE,presets[cold_account_code_access],,264,483.80380616141184,0.001,0.8445184556942431,0.8439250146854425,0.025863457526592734,0.001,0.024630702990307653,0.02722125380994314,EXTCODESIZE,AccountMode.EXISTING_CONTRACT
test_account_access,erigon,EXTCODESIZE,presets[cold_account_code_access],,99,981.6789686203085,0.001,0.8799184076152277,0.8786804530545599,0.08051839571372213,0.001,0.07428681796576264,0.08590809222891854,EXTCODESIZE,AccountMode.EXISTING_CONTRACT
test_account_access,ethrex,EXTCODESIZE,presets[cold_account_code_access],,176,145.18742742471866,0.001,0.9821298159434283,0.9820271137362067,0.018077371401111677,0.001,0.017699994008417305,0.018519801104168482,EXTCODESIZE,AccountMode.EXISTING_CONTRACT
test_account_access,geth,EXTCODESIZE,presets[cold_account_code_access],,165,670.837394483282,0.001,0.869976073830024,0.8691783810314352,0.023135718048850583,0.001,0.021668683296883005,0.024586611058406798,EXTCODESIZE,AccountMode.EXISTING_CONTRACT
test_account_access,nethermind,EXTCODESIZE,presets[cold_account_code_access],,110,78.34030363750504,0.111,0.6171683811135957,0.6136236439016846,0.015363791022597814,0.001,0.01304649484951519,0.01703663022177561,EXTCODESIZE,AccountMode.EXISTING_CONTRACT
test_account_access,reth,EXTCODESIZE,presets[cold_account_code_access],,198,267.0704815929928,0.001,0.7976352078850315,0.7966027344558735,0.019135466898200296,0.001,0.017639620489585676,0.020872985953143148,EXTCODESIZE,AccountMode.EXISTING_CONTRACT
test_account_access,besu,EXTCODESIZE,presets[cold_account_code_access],,264,529.6825808434822,0.001,0.7703526468068777,0.7694761301916367,0.01287379540969714,0.001,0.012011679347391321,0.013766123277154211,EXTCODESIZE,AccountMode.NON_EXISTING_ACCOUNT
test_account_access,besu,EXTCODESIZE,presets[cold_account_nocode_access],,264,529.6825808434822,0.001,0.7703526468068777,0.7694761301916367,0.01287379540969714,0.001,0.012011679347391321,0.013766123277154211,EXTCODESIZE,AccountMode.NON_EXISTING_ACCOUNT
test_account_access,erigon,EXTCODESIZE,presets[cold_account_code_access],,99,8.85294977793347,0.118,0.9787476796440189,0.9785285835578748,0.007836266902682474,0.001,0.007631859513071388,0.007987737125997414,EXTCODESIZE,AccountMode.NON_EXISTING_ACCOUNT
test_account_access,erigon,EXTCODESIZE,presets[cold_account_nocode_access],,99,8.85294977793347,0.118,0.9787476796440189,0.9785285835578748,0.007836266902682474,0.001,0.007631859513071388,0.007987737125997414,EXTCODESIZE,AccountMode.NON_EXISTING_ACCOUNT
test_account_access,ethrex,EXTCODESIZE,presets[cold_account_code_access],,176,3.1321441653818574,0.02,0.9901057766969673,0.9900489133446511,0.002673898391413497,0.001,0.002636023252345772,0.0027118199551358,EXTCODESIZE,AccountMode.NON_EXISTING_ACCOUNT
test_account_access,ethrex,EXTCODESIZE,presets[cold_account_nocode_access],,176,3.1321441653818574,0.02,0.9901057766969673,0.9900489133446511,0.002673898391413497,0.001,0.002636023252345772,0.0027118199551358,EXTCODESIZE,AccountMode.NON_EXISTING_ACCOUNT
test_account_access,geth,EXTCODESIZE,presets[cold_account_code_access],,165,693.647962516762,0.001,0.8662403979111227,0.8654197868553628,0.02185917431044041,0.001,0.02051837220921335,0.02321595632281386,EXTCODESIZE,AccountMode.NON_EXISTING_ACCOUNT
test_account_access,geth,EXTCODESIZE,presets[cold_account_nocode_access],,165,693.647962516762,0.001,0.8662403979111227,0.8654197868553628,0.02185917431044041,0.001,0.02051837220921335,0.02321595632281386,EXTCODESIZE,AccountMode.NON_EXISTING_ACCOUNT
test_account_access,nethermind,EXTCODESIZE,presets[cold_account_code_access],,110,54.686567216647624,0.001,0.8228059409874187,0.8211652552558206,0.0038915160279430665,0.001,0.003573397203322196,0.004250929555772773,EXTCODESIZE,AccountMode.NON_EXISTING_ACCOUNT
test_account_access,nethermind,EXTCODESIZE,presets[cold_account_nocode_access],,110,54.686567216647624,0.001,0.8228059409874187,0.8211652552558206,0.0038915160279430665,0.001,0.003573397203322196,0.004250929555772773,EXTCODESIZE,AccountMode.NON_EXISTING_ACCOUNT
test_account_access,reth,EXTCODESIZE,presets[cold_account_code_access],,198,49.354256951909434,0.001,0.9397940265134377,0.9394868531793226,0.0008959214180347113,0.001,0.0008632873850491563,0.0009265053009910248,EXTCODESIZE,AccountMode.NON_EXISTING_ACCOUNT
test_account_access,reth,EXTCODESIZE,presets[cold_account_nocode_access],,198,49.354256951909434,0.001,0.9397940265134377,0.9394868531793226,0.0008959214180347113,0.001,0.0008632873850491563,0.0009265053009910248,EXTCODESIZE,AccountMode.NON_EXISTING_ACCOUNT
test_account_access,besu,STATICCALL,presets[cold_account_code_access],,264,497.4344048598566,0.001,0.8748412008507656,0.8743634955105013,0.027953987175122028,0.001,0.026718399731533025,0.029280868304741255,STATICCALL,AccountMode.EXISTING_CONTRACT
test_account_access,erigon,STATICCALL,presets[cold_account_code_access],,99,950.1206118660955,0.001,0.8807782286384971,0.8795491382120898,0.08159411778057153,0.001,0.0760274990391162,0.08701936174759428,STATICCALL,AccountMode.EXISTING_CONTRACT
test_account_access,ethrex,STATICCALL,presets[cold_account_code_access],,176,145.13133190500022,0.001,0.9814439329804893,0.9813372889171588,0.018214946724664602,0.001,0.017809791562676695,0.018660331050831147,STATICCALL,AccountMode.EXISTING_CONTRACT
test_account_access,geth,STATICCALL,presets[cold_account_code_access],,165,661.0171573002496,0.001,0.8634241832819254,0.8625862948358022,0.02363557778208617,0.001,0.02212242045501514,0.02530467626084109,STATICCALL,AccountMode.EXISTING_CONTRACT
test_account_access,nethermind,STATICCALL,presets[cold_account_code_access],,110,131.24808620474326,0.007,0.7459223299542341,0.7435697589352919,0.014983530370360501,0.001,0.01345832434407503,0.016777560494812053,STATICCALL,AccountMode.EXISTING_CONTRACT
test_account_access,reth,STATICCALL,presets[cold_account_code_access],,198,242.72335078473327,0.001,0.7017642665487804,0.7002426556638253,0.02058311420148251,0.001,0.018745676967563997,0.022701391126659854,STATICCALL,AccountMode.EXISTING_CONTRACT
test_account_access,besu,STATICCALL,presets[cold_account_nocode_access],,264,595.8079169737226,0.001,0.7633400757185658,0.7624367935648199,0.015785009169766415,0.001,0.014762134680705903,0.016773604637677127,STATICCALL,AccountMode.EXISTING_EOA
test_account_access,erigon,STATICCALL,presets[cold_account_nocode_access],,99,33.54966819478458,0.001,0.9775887584403401,0.9773577147129209,0.009190183833530433,0.001,0.00895538288236009,0.009439673904002849,STATICCALL,AccountMode.EXISTING_EOA
test_account_access,ethrex,STATICCALL,presets[cold_account_nocode_access],,176,171.86865688199597,0.001,0.9809425022624184,0.9808329764133519,0.017617981957079462,0.001,0.01721826937583309,0.018041350048364886,STATICCALL,AccountMode.EXISTING_EOA
test_account_access,geth,STATICCALL,presets[cold_account_nocode_access],,165,404.3279428181655,0.001,0.9232248027814907,0.9227537893016224,0.011188537491136909,0.001,0.010658191558384884,0.011778677703705767,STATICCALL,AccountMode.EXISTING_EOA
test_account_access,nethermind,STATICCALL,presets[cold_account_nocode_access],,110,51.96195620965157,0.001,0.8511976572928442,0.8498198578233336,0.0048962697108804135,0.001,0.004480039857602586,0.005346465894828021,STATICCALL,AccountMode.EXISTING_EOA
test_account_access,reth,STATICCALL,presets[cold_account_nocode_access],,198,47.940461117502515,0.001,0.9210275326065231,0.9206246118545156,0.001292489741320711,0.001,0.001236261860915149,0.0013435388849918953,STATICCALL,AccountMode.EXISTING_EOA
test_account_access,besu,STATICCALL,presets[cold_account_code_access],,264,532.9395777246332,0.001,0.7784120079100777,0.777566252215078,0.015858658474415473,0.001,0.014921540779554075,0.016862730903613364,STATICCALL,AccountMode.NON_EXISTING_ACCOUNT
test_account_access,besu,STATICCALL,presets[cold_account_nocode_access],,264,532.9395777246332,0.001,0.7784120079100777,0.777566252215078,0.015858658474415473,0.001,0.014921540779554075,0.016862730903613364,STATICCALL,AccountMode.NON_EXISTING_ACCOUNT
test_account_access,erigon,STATICCALL,presets[cold_account_code_access],,99,0.0,1.0,0.982803723208667,0.9826264420046327,0.01084491148794146,0.001,0.010623967822045935,0.010940161713373375,STATICCALL,AccountMode.NON_EXISTING_ACCOUNT
test_account_access,erigon,STATICCALL,presets[cold_account_nocode_access],,99,0.0,1.0,0.982803723208667,0.9826264420046327,0.01084491148794146,0.001,0.010623967822045935,0.010940161713373375,STATICCALL,AccountMode.NON_EXISTING_ACCOUNT
test_account_access,ethrex,STATICCALL,presets[cold_account_code_access],,176,3.8090828291607304,0.004,0.9914105862942453,0.9913612218476605,0.002747158655682693,0.001,0.0027092432341285413,0.00278834700570134,STATICCALL,AccountMode.NON_EXISTING_ACCOUNT
test_account_access,ethrex,STATICCALL,presets[cold_account_nocode_access],,176,3.8090828291607304,0.004,0.9914105862942453,0.9913612218476605,0.002747158655682693,0.001,0.0027092432341285413,0.00278834700570134,STATICCALL,AccountMode.NON_EXISTING_ACCOUNT
test_account_access,geth,STATICCALL,presets[cold_account_code_access],,165,707.6975012608405,0.001,0.8682734049471428,0.8674652663271866,0.022880692622137204,0.001,0.0213439256043488,0.02443750691730094,STATICCALL,AccountMode.NON_EXISTING_ACCOUNT
test_account_access,geth,STATICCALL,presets[cold_account_nocode_access],,165,707.6975012608405,0.001,0.8682734049471428,0.8674652663271866,0.022880692622137204,0.001,0.0213439256043488,0.02443750691730094,STATICCALL,AccountMode.NON_EXISTING_ACCOUNT
test_account_access,nethermind,STATICCALL,presets[cold_account_code_access],,110,63.9684726838667,0.001,0.7949891458713502,0.7930908972220108,0.004420191933445638,0.001,0.004069870148176423,0.004793418758475751,STATICCALL,AccountMode.NON_EXISTING_ACCOUNT
test_account_access,nethermind,STATICCALL,presets[cold_account_nocode_access],,110,63.9684726838667,0.001,0.7949891458713502,0.7930908972220108,0.004420191933445638,0.001,0.004069870148176423,0.004793418758475751,STATICCALL,AccountMode.NON_EXISTING_ACCOUNT
test_account_access,reth,STATICCALL,presets[cold_account_code_access],,198,49.73862148825688,0.001,0.9388728499380772,0.9385609767234755,0.0009569731104560047,0.001,0.0009201712099088203,0.0009927659487370688,STATICCALL,AccountMode.NON_EXISTING_ACCOUNT
test_account_access,reth,STATICCALL,presets[cold_account_nocode_access],,198,49.73862148825688,0.001,0.9388728499380772,0.9385609767234755,0.0009569731104560047,0.001,0.0009201712099088203,0.0009927659487370688,STATICCALL,AccountMode.NON_EXISTING_ACCOUNT
test_ext_account_query_warm,besu,BALANCE,presets[warm_account_access],,264,233.11896875798178,0.001,0.4613793949955678,0.45932359115967303,0.00011748447703033696,0.001,0.0001023155636259304,0.00013277999900932226,BALANCE,
test_ext_account_query_warm,erigon,BALANCE,presets[warm_account_access],,99,20.6482272151794,0.001,0.8802518797210741,0.8790173630171676,4.574718534233866e-05,0.001,4.195001254895304e-05,4.9153555369463954e-05,BALANCE,
test_ext_account_query_warm,ethrex,BALANCE,presets[warm_account_access],,176,6.279163196623436,0.001,0.7316118502650795,0.730069389634419,1.5538157046981616e-05,0.001,1.4262237142022727e-05,1.680683329588034e-05,BALANCE,
test_ext_account_query_warm,geth,BALANCE,presets[warm_account_access],,165,21.92619051983742,0.001,0.7209027042307021,0.7191904508824243,2.8379657783269684e-05,0.001,2.5703523814975527e-05,3.078450540200085e-05,BALANCE,
test_ext_account_query_warm,nethermind,BALANCE,presets[warm_account_access],,110,69.3426976485987,0.001,0.7700621231356557,0.7679330687202451,0.0001540744611034162,0.001,0.00013889491353627695,0.00016866392389406934,BALANCE,
test_ext_account_query_warm,reth,BALANCE,presets[warm_account_access],,198,7.4421131500262625,0.001,0.4642475308107076,0.4615140998454561,9.845805925514487e-06,0.001,8.370005805117213e-06,1.1228029187768181e-05,BALANCE,
test_ext_account_query_warm,besu,CALL,presets[warm_account_access],,264,668.2411146570249,0.001,0.7573215031710787,0.7563952493663881,0.0005033895059738995,0.001,0.000465917373247828,0.0005388293220916153,CALL,
test_ext_account_query_warm,erigon,CALL,presets[warm_account_access],,99,19.468569615195474,0.218,0.9083487064149733,0.9074038477182205,0.0005039138716822567,0.001,0.0004720770434012244,0.0005254809641738152,CALL,
test_ext_account_query_warm,ethrex,CALL,presets[warm_account_access],,176,45.65942510612471,0.001,0.9245321519865444,0.9240984287220992,9.803457130005043e-05,0.001,9.408829952578311e-05,0.0001024147161278899,CALL,
test_ext_account_query_warm,geth,CALL,presets[warm_account_access],,165,56.924649393398546,0.001,0.900697455640043,0.9000882375764849,0.0001267641662683977,0.001,0.00012014956054537405,0.0001334941223571131,CALL,
test_ext_account_query_warm,nethermind,CALL,presets[warm_account_access],,110,138.62107182308492,0.001,0.6663811835354936,0.6632921204200815,0.000387041947874888,0.001,0.00033489772449076633,0.00044215326557627195,CALL,
test_ext_account_query_warm,reth,CALL,presets[warm_account_access],,198,27.20853110730317,0.001,0.8957640161289688,0.8952321998847289,5.776142984270115e-05,0.001,5.5098978486470106e-05,6.0255960856730266e-05,CALL,
test_ext_account_query_warm,besu,CALLCODE,presets[warm_account_access],,264,688.635006533554,0.001,0.7641861673844224,0.7632861145881797,0.0005032613941741489,0.001,0.00046781186427891075,0.0005375172367446267,CALLCODE,
test_ext_account_query_warm,erigon,CALLCODE,presets[warm_account_access],,99,38.09826022314141,0.003,0.850134714365982,0.8485897114213014,0.0002662426227383236,0.001,0.0002464928889646851,0.0002860189385337082,CALLCODE,
test_ext_account_query_warm,ethrex,CALLCODE,presets[warm_account_access],,176,40.718358737499614,0.001,0.91256353798964,0.9120610295872815,9.915413715686064e-05,0.001,9.434575510284282e-05,0.00010378125783817478,CALLCODE,
test_ext_account_query_warm,geth,CALLCODE,presets[warm_account_access],,165,52.08973408846971,0.001,0.8994770244744296,0.898860319103107,0.00018342099271574422,0.001,0.00017432096075668826,0.00019272728902933498,CALLCODE,
test_ext_account_query_warm,nethermind,CALLCODE,presets[warm_account_access],,110,138.8987620473116,0.001,0.7763878009617526,0.7743173176373244,0.0002241237022426139,0.001,0.00020201495406707966,0.0002487383038479959,CALLCODE,
test_ext_account_query_warm,reth,CALLCODE,presets[warm_account_access],,198,23.783035026792952,0.001,0.9039222958661189,0.903432103498089,5.644558033736276e-05,0.001,5.3891851989818576e-05,5.892277433801246e-05,CALLCODE,
test_ext_account_query_warm,besu,DELEGATECALL,presets[warm_account_access],,264,609.7252623228062,0.001,0.796811749775822,0.7960362221032107,0.00047488604946402006,0.001,0.00044395880758107135,0.0005037403380971854,DELEGATECALL,
test_ext_account_query_warm,erigon,DELEGATECALL,presets[warm_account_access],,99,42.56800240283273,0.001,0.8829708482206958,0.8817643621198783,0.0002676144179572079,0.001,0.00024834460335639084,0.00028644394265293514,DELEGATECALL,
test_ext_account_query_warm,ethrex,DELEGATECALL,presets[warm_account_access],,176,37.490509441816336,0.001,0.9325568713200807,0.9321692671322651,9.862043572413886e-05,0.001,9.443191950929903e-05,0.0001029944486012201,DELEGATECALL,
test_ext_account_query_warm,geth,DELEGATECALL,presets[warm_account_access],,165,41.55248181531791,0.001,0.9076157343893815,0.9070489597537336,0.00015463845507921096,0.001,0.00014628086933505947,0.00016161548890861486,DELEGATECALL,
test_ext_account_query_warm,nethermind,DELEGATECALL,presets[warm_account_access],,110,235.94705671018772,0.001,0.570628498058755,0.5666528360037435,0.0003456234782326721,0.001,0.0002787056980994224,0.0003985272674532612,DELEGATECALL,
test_ext_account_query_warm,reth,DELEGATECALL,presets[warm_account_access],,198,24.82779908268906,0.001,0.8997371843158313,0.8992256393378508,5.476612476184092e-05,0.001,5.225706446026121e-05,5.7204555500886795e-05,DELEGATECALL,
test_ext_account_query_warm,besu,EXTCODEHASH,presets[warm_account_access],,264,240.37876658067384,0.001,0.5069319669666359,0.5050500279092567,0.00011491813587452367,0.001,0.00010102826715661939,0.00012677480726396337,EXTCODEHASH,
test_ext_account_query_warm,erigon,EXTCODEHASH,presets[warm_account_access],,99,38.391250354778144,0.003,0.9131125124035646,0.912216765108756,0.0002855338603388482,0.001,0.00026936455239642414,0.0003014387863523233,EXTCODEHASH,
test_ext_account_query_warm,ethrex,EXTCODEHASH,presets[warm_account_access],,176,8.62822947039737,0.001,0.7617783484575046,0.760409258506111,1.465320968323168e-05,0.001,1.335040930136808e-05,1.5902807561950814e-05,EXTCODEHASH,
test_ext_account_query_warm,geth,EXTCODEHASH,presets[warm_account_access],,165,23.89762385386729,0.001,0.8187479154217013,0.8176359394426933,3.88876822958077e-05,0.001,3.573591172155744e-05,4.2014166908358745e-05,EXTCODEHASH,
test_ext_account_query_warm,nethermind,EXTCODEHASH,presets[warm_account_access],,110,145.3139095381096,0.001,0.6618038820958945,0.6586724365597454,0.00024053305700213277,0.001,0.00020470455567138228,0.00027475915906950216,EXTCODEHASH,
test_ext_account_query_warm,reth,EXTCODEHASH,presets[warm_account_access],,198,6.96942748834106,0.001,0.5629865133242902,0.5607568526779856,1.1783368197270445e-05,0.001,1.0424550864080932e-05,1.3066999702922835e-05,EXTCODEHASH,
test_ext_account_query_warm,besu,EXTCODESIZE,presets[warm_account_access],,264,244.18508322350687,0.001,0.49236166452883934,0.4904241136300945,0.00011339620148401146,0.001,9.870026800544642e-05,0.00012798533318946677,EXTCODESIZE,
test_ext_account_query_warm,erigon,EXTCODESIZE,presets[warm_account_access],,99,23.670175177101104,0.001,0.903734653376807,0.9027422271229597,4.430057985127369e-05,0.001,4.122273725052514e-05,4.7128386507004204e-05,EXTCODESIZE,
test_ext_account_query_warm,ethrex,EXTCODESIZE,presets[warm_account_access],,176,6.238477124657132,0.001,0.742122097153413,0.7406400402405016,1.628184138451904e-05,0.001,1.4918750293208991e-05,1.7762108416318736e-05,EXTCODESIZE,
test_ext_account_query_warm,geth,EXTCODESIZE,presets[warm_account_access],,165,27.86900304635043,0.001,0.6818960225522006,0.679944464408349,2.6569574886406297e-05,0.001,2.363632837079845e-05,2.9619954809440675e-05,EXTCODESIZE,
test_ext_account_query_warm,nethermind,EXTCODESIZE,presets[warm_account_access],,110,100.22863741288859,0.001,0.714273488020551,0.7116278721688895,0.00018612332932744808,0.001,0.00016918204124950352,0.00020719656350812917,EXTCODESIZE,
test_ext_account_query_warm,reth,EXTCODESIZE,presets[warm_account_access],,198,8.905496909416511,0.001,0.5277998911397921,0.5253907069109135,7.033975140321277e-06,0.001,6.196975985512733e-06,7.750616196904781e-06,EXTCODESIZE,
test_ext_account_query_warm,besu,STATICCALL,presets[warm_account_access],,264,609.8942265804726,0.001,0.7950045743449243,0.7942221490561645,0.000457895961551406,0.001,0.0004279509732985408,0.0004874286627620562,STATICCALL,
test_ext_account_query_warm,erigon,STATICCALL,presets[warm_account_access],,99,35.58383868407874,0.084,0.8976510875922675,0.8965959441653837,0.0004911702616173872,0.001,0.00045608930245568936,0.0005199659946992959,STATICCALL,
test_ext_account_query_warm,ethrex,STATICCALL,presets[warm_account_access],,176,42.67363161663815,0.001,0.942773535697233,0.9424446479713551,9.845646989700193e-05,0.001,9.451064977288627e-05,0.00010214790257714472,STATICCALL,
test_ext_account_query_warm,geth,STATICCALL,presets[warm_account_access],,165,47.30459963196545,0.001,0.9008019604230948,0.9001933834931751,0.0001833113964430506,0.001,0.00017318480590258037,0.00019339203252199976,STATICCALL,
test_ext_account_query_warm,nethermind,STATICCALL,presets[warm_account_access],,110,165.1386889647023,0.001,0.6837487930036772,0.6808205410870446,0.000355572219856601,0.001,0.0003109359006171983,0.00039924028790716125,STATICCALL,
test_ext_account_query_warm,reth,STATICCALL,presets[warm_account_access],,198,22.182338354974032,0.001,0.8946046655961786,0.8940669342982,5.6532620361060556e-05,0.001,5.395998814017001e-05,5.923774558510779e-05,STATICCALL,
test_sload_bloated,besu,SLOAD,presets[cold_storage_sload],False,264,153.98140221078873,0.001,0.8300466680730867,0.829397991233671,0.008354168073084905,0.001,0.007869239714779389,0.008845312674562187,,
test_sload_bloated,erigon,SLOAD,presets[cold_storage_sload],False,99,0.0,1.0,0.9664091898103845,0.9660628927981204,0.005967911766782974,0.001,0.00578884290734176,0.0060487329084405895,,
test_sload_bloated,ethrex,SLOAD,presets[cold_storage_sload],False,176,0.0,1.0,0.9040153100206214,0.9034636738713147,0.008304590090799539,0.001,0.008144324188041709,0.008443073642801908,,
test_sload_bloated,geth,SLOAD,presets[cold_storage_sload],False,165,542.8596352127743,0.001,0.9738943656715809,0.9737342084057624,0.024428444724093456,0.001,0.023769723680631537,0.025089047273283253,,
test_sload_bloated,nethermind,SLOAD,presets[cold_storage_sload],False,110,57.52716806740832,0.001,0.8768770470570133,0.8757370197149486,0.002845436358588658,0.001,0.002641396153209992,0.003051342277994353,,
test_sload_bloated,reth,SLOAD,presets[cold_storage_sload],False,198,46.353175280831685,0.001,0.9516647335634986,0.9514181250612715,0.001315425965483492,0.001,0.0012731372718646384,0.0013594973282493438,,
test_sload_bloated,besu,SLOAD,presets[cold_storage_sload],True,264,415.2877667764094,0.001,0.9695953598902407,0.969479311645547,0.014611289618965755,0.001,0.014280493870083741,0.014935382739603875,,
test_sload_bloated,erigon,SLOAD,presets[cold_storage_sload],True,99,0.0,1.0,0.9657169908283453,0.9653635577441014,0.0053627168234537895,0.001,0.005218320738294691,0.005427728111629289,,
test_sload_bloated,ethrex,SLOAD,presets[cold_storage_sload],True,176,0.0,1.0,0.9841479650588867,0.9840568614097999,0.024045783640954332,0.001,0.023883671698182087,0.02420142969727737,,
test_sload_bloated,geth,SLOAD,presets[cold_storage_sload],True,165,532.0472908898116,0.001,0.9664246535596064,0.9662186698391132,0.023777517122654863,0.001,0.023044292545104376,0.024407690428795453,,
test_sload_bloated,nethermind,SLOAD,presets[cold_storage_sload],True,110,97.47717954832747,0.001,0.9691926873520105,0.9689074344571217,0.007967828684370588,0.001,0.007675982832023357,0.008244374321002147,,
test_sload_bloated,reth,SLOAD,presets[cold_storage_sload],True,198,38.721946031618,0.001,0.9740673072432644,0.9739349975863423,0.0015318060645829938,0.001,0.001494709689384094,0.001570246749786724,,
test_sstore_bloated,besu,SSTORE,presets[cold_storage_sstore_access],False,264,521.9773489454923,0.001,0.8644477006346589,0.8639303254462416,0.00937681105610242,0.001,0.008966072515876134,0.00980843580227334,,
test_sstore_bloated,besu,SSTORE,presets[cold_storage_sstore_write],False,264,512.8830714301184,0.001,0.9115815905712269,0.9112441157260789,0.20777650960831404,0.001,0.2003145188444754,0.21526196482738746,,
test_sstore_bloated,erigon,SSTORE,presets[cold_storage_sstore_access],False,99,0.0,1.0,0.9706381652896685,0.9703354659627579,0.005900035076989551,0.001,0.005799404574793292,0.005972732890383639,,
test_sstore_bloated,erigon,SSTORE,presets[cold_storage_sstore_write],False,99,39.962312504910685,0.001,0.9701527959783234,0.9698450928440793,0.08148244854992669,0.001,0.07849688907199447,0.08451430863290839,,
test_sstore_bloated,ethrex,SSTORE,presets[cold_storage_sstore_access],False,176,0.0,1.0,0.9320040385725034,0.931613257184989,0.00894371639021616,0.001,0.008801789704492073,0.009076236434771706,,
test_sstore_bloated,ethrex,SSTORE,presets[cold_storage_sstore_write],False,176,719.944076289773,0.001,0.0,-0.005747126436781658,0.0,1.0,0.0,0.0,,
test_sstore_bloated,geth,SSTORE,presets[cold_storage_sstore_access],False,165,539.0004233420406,0.001,0.9749910004049006,0.9748375709595319,0.02430435611311941,0.001,0.023666046601453078,0.02487386247855496,,
test_sstore_bloated,geth,SSTORE,presets[cold_storage_sstore_write],False,165,81.70367803634034,0.001,0.9283997159909859,0.9279604504449184,0.13122960388196325,0.001,0.1262365277458234,0.13638387554181652,,
test_sstore_bloated,nethermind,SSTORE,presets[cold_storage_sstore_access],False,110,47.52095521525565,0.001,0.8861740289881056,0.8851200848120695,0.0030023526632163163,0.001,0.0028127615653817002,0.003196823148433989,,
test_sstore_bloated,nethermind,SSTORE,presets[cold_storage_sstore_write],False,110,113.24649183461267,0.001,0.5615083625245595,0.5574482547701574,0.04390192174450499,0.001,0.03597687166382898,0.05192548869833494,,
test_sstore_bloated,reth,SSTORE,presets[cold_storage_sstore_access],False,198,45.66145371628136,0.001,0.9527788988696281,0.9525379748842691,0.0013408467475396627,0.001,0.0012986375788182414,0.0013827623798223193,,
test_sstore_bloated,reth,SSTORE,presets[cold_storage_sstore_write],False,198,33.84216564995093,0.001,0.8759528808716057,0.875319987406665,0.03918006071670518,0.001,0.0370826662107348,0.04123509017057218,,
test_sstore_bloated,besu,SSTORE,presets[cold_storage_sstore_access],True,264,719.2787901137848,0.001,0.9447471307549852,0.9445362419410729,0.01496412918231346,0.001,0.014598173754944021,0.015386003604386241,,
test_sstore_bloated,besu,SSTORE,presets[cold_storage_sstore_write],True,264,1352.1759531926468,0.001,0.9758432527299239,0.9757510514044656,0.08178500410878149,0.001,0.08027510788635842,0.08329248024792889,,
test_sstore_bloated,erigon,SSTORE,presets[cold_storage_sstore_access],True,99,0.0,1.0,0.9711835774788272,0.9708865009579903,0.005290984052773562,0.001,0.0051445924705598904,0.00535778379101557,,
test_sstore_bloated,erigon,SSTORE,presets[cold_storage_sstore_write],True,99,232.6800047777012,0.001,0.9932044527887728,0.9931343956010281,0.07440227041493377,0.001,0.07311750747942279,0.07567880269278875,,
test_sstore_bloated,ethrex,SSTORE,presets[cold_storage_sstore_access],True,176,0.0,1.0,0.986048463039301,0.9859682817924005,0.024924111574284667,0.001,0.024766464127061502,0.025091093525980584,,
test_sstore_bloated,ethrex,SSTORE,presets[cold_storage_sstore_write],True,176,343.0017850524906,0.001,0.997332805319546,0.997317476614486,0.037479383859810644,0.001,0.03716409235147287,0.03783148435898853,,
test_sstore_bloated,geth,SSTORE,presets[cold_storage_sstore_access],True,165,554.2455300910862,0.001,0.9701305647763758,0.9699473167075192,0.02332928882697127,0.001,0.02264051165274189,0.023957113259197107,,
test_sstore_bloated,geth,SSTORE,presets[cold_storage_sstore_write],True,165,679.5454537402625,0.001,0.9889798964394425,0.9889122884421385,0.09314801326159473,0.001,0.09159585586593476,0.09473097160432087,,
test_sstore_bloated,nethermind,SSTORE,presets[cold_storage_sstore_access],True,110,113.98773287223698,0.001,0.9712182602007023,0.9709517626099681,0.00780079303408893,0.001,0.0075444476539500436,0.008066276982184475,,
test_sstore_bloated,nethermind,SSTORE,presets[cold_storage_sstore_write],True,110,801.633018020119,0.001,0.8778597700955686,0.876728842040898,0.034973395121885506,0.001,0.032429779087488154,0.037536084170090564,,
test_sstore_bloated,reth,SSTORE,presets[cold_storage_sstore_access],True,198,40.8728878808433,0.001,0.9750637246914775,0.9749364987970462,0.0015361321793601092,0.001,0.0015032269588633235,0.0015715951362900835,,
test_sstore_bloated,reth,SSTORE,presets[cold_storage_sstore_write],True,198,174.51801328925004,0.001,0.9945685020871665,0.9945407903631215,0.023256451321849437,0.001,0.02301199281455352,0.0235172995463322,,
test_storage_sload_same_key_benchmark,besu,SLOAD,presets[warm_storage_access_sload],,528,157.2496304274606,0.001,0.26023076684425495,0.25882436145802734,9.609207537927212e-05,0.001,8.294811763836688e-05,0.00010961213524759258,,
test_storage_sload_same_key_benchmark,erigon,SLOAD,presets[warm_storage_access_sload],,198,19.665886773722207,0.001,0.8913724014662485,0.8908181790247498,4.853998230402459e-05,0.001,4.652993559468753e-05,5.103567546399139e-05,,
test_storage_sload_same_key_benchmark,ethrex,SLOAD,presets[warm_storage_access_sload],,352,14.72251757246269,0.001,0.8342720757210981,0.8337985673660155,2.453967840034019e-05,0.001,2.3339901567887675e-05,2.5585134773521082e-05,,
test_storage_sload_same_key_benchmark,geth,SLOAD,presets[warm_storage_access_sload],,330,29.693515366068585,0.001,0.8243315419929487,0.823795967425854,4.2045460900386644e-05,0.001,3.9957032434217574e-05,4.4111641516600704e-05,,
test_storage_sload_same_key_benchmark,nethermind,SLOAD,presets[warm_storage_access_sload],,220,95.25711473762233,0.001,0.7998671843216141,0.7989491438827224,0.00015495774635825789,0.001,0.00014471899408127707,0.00016460721152763706,,
test_storage_sload_same_key_benchmark,reth,SLOAD,presets[warm_storage_access_sload],,396,7.391440558859129,0.001,0.449210254410191,0.4478123108934656,7.92833486689355e-06,0.001,7.146417476037421e-06,8.749486022896481e-06,,
