test_name,client_name,target_opcode,source_label,param_existing_slots,nobs,intercept_runtime_ms,intercept_pvalue,rsquared,rsquared_adj,target_coef_runtime_ms,target_coef_pvalue,target_coef_conf_int_low,target_coef_conf_int_high,param_opcode,param_account_mode
test_account_access,besu,BALANCE,presets[cold_account_code_access],,66,464.66098703381823,0.001,0.9805026013166142,0.9801979544621863,0.01895903798180072,0.001,0.018361678187664227,0.019658126388647997,BALANCE,AccountMode.EXISTING_CONTRACT_DIFF_MAX
test_account_access,erigon,BALANCE,presets[cold_account_code_access],,11,161.13199591370096,0.001,0.98595663145408,0.9843962571711999,0.009244445538560391,0.001,0.008375950423616392,0.009755893646684085,BALANCE,AccountMode.EXISTING_CONTRACT_DIFF_MAX
test_account_access,geth,BALANCE,presets[cold_account_code_access],,107,0.0,1.0,0.96021079302342,0.9598318481950717,0.003878620227297744,0.001,0.003831499360408842,0.003923336911069648,BALANCE,AccountMode.EXISTING_CONTRACT_DIFF_MAX
test_account_access,nethermind,BALANCE,presets[cold_account_code_access],,44,95.41033750574258,0.001,0.6565235577562782,0.6483455472266658,0.001829149717942099,0.001,0.0014305270076830766,0.0022543673072496187,BALANCE,AccountMode.EXISTING_CONTRACT_DIFF_MAX
test_account_access,reth,BALANCE,presets[cold_account_code_access],,110,133.87033032908866,0.001,0.9939158100265191,0.993859474934172,0.018527057449160136,0.001,0.018250676026696534,0.018799393753283142,BALANCE,AccountMode.EXISTING_CONTRACT_DIFF_MAX
test_account_access,besu,BALANCE,presets[cold_account_code_access],,66,388.4860499913903,0.001,0.9690424995734442,0.9685587886292794,0.011803269849764823,0.001,0.01123544162750524,0.01239711126944876,BALANCE,AccountMode.EXISTING_CONTRACT_MINIMAL
test_account_access,erigon,BALANCE,presets[cold_account_code_access],,11,155.50479754788842,0.001,0.9766157630923139,0.9740175145470155,0.008547436905604484,0.001,0.007508116274582291,0.009219977157041004,BALANCE,AccountMode.EXISTING_CONTRACT_MINIMAL
test_account_access,geth,BALANCE,presets[cold_account_code_access],,109,57.13707949392997,0.001,0.9598393410427489,0.9594640077814662,0.0050740304419507705,0.001,0.004857860738407252,0.005279591614423669,BALANCE,AccountMode.EXISTING_CONTRACT_MINIMAL
test_account_access,nethermind,BALANCE,presets[cold_account_code_access],,44,81.48003217205888,0.001,0.7829901647560155,0.777823263916873,0.0020615763024181594,0.001,0.0017352162441646136,0.002391002287549303,BALANCE,AccountMode.EXISTING_CONTRACT_MINIMAL
test_account_access,reth,BALANCE,presets[cold_account_code_access],,110,91.88446851842457,0.001,0.9747785824265286,0.9745450507823298,0.003516757830280554,0.001,0.0034193770954749677,0.003617147632327407,BALANCE,AccountMode.EXISTING_CONTRACT_MINIMAL
test_account_access,besu,BALANCE,presets[cold_account_code_access],,66,409.40849003135,0.001,0.9649641066521745,0.9644166708186147,0.010955522929609883,0.001,0.010447916067617613,0.011499449363904304,BALANCE,AccountMode.EXISTING_CONTRACT_SAME_MAX
test_account_access,erigon,BALANCE,presets[cold_account_code_access],,11,173.38511039363354,0.001,0.9792720874596167,0.9769689860662407,0.008372806784596697,0.001,0.007340000129098893,0.00895574888286515,BALANCE,AccountMode.EXISTING_CONTRACT_SAME_MAX
test_account_access,geth,BALANCE,presets[cold_account_code_access],,108,83.31809535396266,0.001,0.9433412590686936,0.9428067426448133,0.004665764247003022,0.001,0.004464609761193306,0.004864110331368584,BALANCE,AccountMode.EXISTING_CONTRACT_SAME_MAX
test_account_access,nethermind,BALANCE,presets[cold_account_code_access],,44,87.64274393441666,0.001,0.7871123819100692,0.7820436290984041,0.0019086834591229233,0.001,0.0016111815018153633,0.0022032819667766714,BALANCE,AccountMode.EXISTING_CONTRACT_SAME_MAX
test_account_access,reth,BALANCE,presets[cold_account_code_access],,110,87.26897648812493,0.001,0.9700051104699481,0.9697273800113365,0.003656105277550444,0.001,0.0035429517443991954,0.003770095510540636,BALANCE,AccountMode.EXISTING_CONTRACT_SAME_MAX
test_account_access,besu,BALANCE,presets[cold_account_nocode_access],,66,470.72027388474703,0.001,0.9842413128378771,0.9839950833509689,0.014299207011776173,0.001,0.013890593519989471,0.014784665278544662,BALANCE,AccountMode.EXISTING_EOA
test_account_access,erigon,BALANCE,presets[cold_account_nocode_access],,11,0.0,1.0,0.9956711146525571,0.9951901273917301,0.008432787132189316,0.001,0.00804795786866693,0.008527251829069488,BALANCE,AccountMode.EXISTING_EOA
test_account_access,geth,BALANCE,presets[cold_account_nocode_access],,109,230.40515226161003,0.001,0.9731744756589525,0.9729237698239894,0.011431978079710565,0.001,0.01105685538329697,0.01183781066313772,BALANCE,AccountMode.EXISTING_EOA
test_account_access,nethermind,BALANCE,presets[cold_account_nocode_access],,44,97.17729050204703,0.001,0.893829693674102,0.8913018292377711,0.0031601943177581096,0.001,0.002887278210692223,0.003461794567382053,BALANCE,AccountMode.EXISTING_EOA
test_account_access,reth,BALANCE,presets[cold_account_nocode_access],,110,39.09383738931031,0.001,0.9163316310657453,0.9155569239459838,0.001130986034345936,0.001,0.0010690093545992832,0.0011884875717170808,BALANCE,AccountMode.EXISTING_EOA
test_account_access,besu,BALANCE,presets[cold_account_nocode_access],,66,122.85096885966537,0.001,0.986264668974729,0.9860500544274591,0.014702748863530526,0.001,0.014355496846891367,0.015123684873582741,BALANCE,AccountMode.NON_EXISTING_ACCOUNT
test_account_access,erigon,BALANCE,presets[cold_account_nocode_access],,11,0.0,1.0,0.9903178956788234,0.9892421063098038,0.008133593264752222,0.001,0.007564684658679373,0.008301361137799217,BALANCE,AccountMode.NON_EXISTING_ACCOUNT
test_account_access,geth,BALANCE,presets[cold_account_nocode_access],,110,269.98970122134244,0.001,0.9806416196476093,0.9804623753850872,0.021992244179839873,0.001,0.02133230346533145,0.02260560963849772,BALANCE,AccountMode.NON_EXISTING_ACCOUNT
test_account_access,nethermind,BALANCE,presets[cold_account_nocode_access],,44,81.27698616930724,0.001,0.8441723747519015,0.8404621931983753,0.002968138417885274,0.001,0.0025790908324765482,0.003394316110593881,BALANCE,AccountMode.NON_EXISTING_ACCOUNT
test_account_access,reth,BALANCE,presets[cold_account_nocode_access],,110,33.05843352032839,0.001,0.9196173909171037,0.9188731074996694,0.0009431081034883749,0.001,0.0008990703424583867,0.0009915983177226388,BALANCE,AccountMode.NON_EXISTING_ACCOUNT
test_account_access,besu,CALL,presets[cold_account_code_access],,66,445.70379586674414,0.001,0.9794656604204187,0.9791448113644877,0.023001650546758835,0.001,0.022332291801689007,0.023675357880896697,CALL,AccountMode.EXISTING_CONTRACT_DIFF_MAX
test_account_access,besu,CALL,presets[cold_account_code_write],,66,233.67373346181256,0.001,0.981585821060117,0.9812980995141813,0.07298345068323273,0.001,0.07047250188635336,0.07566607301970124,CALL,AccountMode.EXISTING_CONTRACT_DIFF_MAX
test_account_access,erigon,CALL,presets[cold_account_code_access],,11,804.3869825356812,0.174,0.8906077264526575,0.8784530293918417,0.12002800003001103,0.001,0.0885895422813669,0.13479026280663692,CALL,AccountMode.EXISTING_CONTRACT_DIFF_MAX
test_account_access,erigon,CALL,presets[cold_account_code_write],,11,826.3680626170549,0.001,0.9767811302813046,0.9742012558681162,0.1595831502040926,0.001,0.1424163259378593,0.17535300214946722,CALL,AccountMode.EXISTING_CONTRACT_DIFF_MAX
test_account_access,geth,CALL,presets[cold_account_code_access],,108,491.92733493951783,0.001,0.9207293379527002,0.9199815015182917,0.021527490802563855,0.001,0.02021520315147214,0.022987895714707947,CALL,AccountMode.EXISTING_CONTRACT_DIFF_MAX
test_account_access,geth,CALL,presets[cold_account_code_write],,110,108.78910239869877,0.001,0.95169977334434,0.9512525490234542,0.04818113201389489,0.001,0.04582125160444054,0.05014252004043343,CALL,AccountMode.EXISTING_CONTRACT_DIFF_MAX
test_account_access,nethermind,CALL,presets[cold_account_code_access],,44,635.6085476010259,0.001,0.8907803896566541,0.8881799227437173,0.015870637460830648,0.001,0.013795481158417002,0.017963171483137454,CALL,AccountMode.EXISTING_CONTRACT_DIFF_MAX
test_account_access,nethermind,CALL,presets[cold_account_code_write],,44,283.0989592711789,0.001,0.9569545683161271,0.9559296770855588,0.05115477677578326,0.001,0.04829398242333316,0.05416239330161037,CALL,AccountMode.EXISTING_CONTRACT_DIFF_MAX
test_account_access,reth,CALL,presets[cold_account_code_access],,110,139.452784693175,0.001,0.9964170998349754,0.9963839248334474,0.021612013195144598,0.001,0.021361144953712625,0.021857768408927288,CALL,AccountMode.EXISTING_CONTRACT_DIFF_MAX
test_account_access,reth,CALL,presets[cold_account_code_write],,110,142.2916847591345,0.001,0.9837623731603811,0.9836120247637179,0.052222110819912536,0.001,0.050930525549054424,0.053514114484680214,CALL,AccountMode.EXISTING_CONTRACT_DIFF_MAX
test_account_access,besu,CALL,presets[cold_account_code_access],,66,360.2272484838655,0.001,0.9852747270045811,0.9850446446140276,0.014964542225160221,0.001,0.014459319244696919,0.015504820020831941,CALL,AccountMode.EXISTING_CONTRACT_MINIMAL
test_account_access,besu,CALL,presets[cold_account_code_write],,66,254.92255260234822,0.001,0.9718941533252345,0.9714549994709414,0.06868948028167861,0.001,0.06550513902210402,0.07187690924469302,CALL,AccountMode.EXISTING_CONTRACT_MINIMAL
test_account_access,erigon,CALL,presets[cold_account_code_access],,11,169.23776503659963,0.001,0.9938213079001879,0.9931347865557643,0.009444566589553059,0.001,0.008853879376390431,0.009863363890191518,CALL,AccountMode.EXISTING_CONTRACT_MINIMAL
test_account_access,erigon,CALL,presets[cold_account_code_write],,11,574.8847211134276,0.001,0.9904230452415954,0.9893589391573282,0.0815557152911961,0.001,0.07493285690423408,0.08830476695783651,CALL,AccountMode.EXISTING_CONTRACT_MINIMAL
test_account_access,geth,CALL,presets[cold_account_code_access],,110,70.79824962503754,0.001,0.9363243613886464,0.935734772142245,0.005233697296021877,0.001,0.004980703089406577,0.005518874724765436,CALL,AccountMode.EXISTING_CONTRACT_MINIMAL
test_account_access,geth,CALL,presets[cold_account_code_write],,110,99.45339388516219,0.001,0.9747298974946695,0.9744959150640646,0.05023143288618558,0.001,0.04884350682436859,0.05157664476556635,CALL,AccountMode.EXISTING_CONTRACT_MINIMAL
test_account_access,nethermind,CALL,presets[cold_account_code_access],,44,117.05071921911322,0.001,0.6688431880629218,0.66095850206442,0.0027884267480748647,0.001,0.002261766858365605,0.003448769650027678,CALL,AccountMode.EXISTING_CONTRACT_MINIMAL
test_account_access,nethermind,CALL,presets[cold_account_code_write],,44,266.6859603041169,0.001,0.9306520879537956,0.9290009471907907,0.033713839110173435,0.001,0.03146891414134467,0.03602313446944036,CALL,AccountMode.EXISTING_CONTRACT_MINIMAL
test_account_access,reth,CALL,presets[cold_account_code_access],,110,99.31910525156269,0.001,0.977408073265268,0.977198888758465,0.0038656943496005536,0.001,0.0037648515454187202,0.003968573226402594,CALL,AccountMode.EXISTING_CONTRACT_MINIMAL
test_account_access,reth,CALL,presets[cold_account_code_write],,110,97.11979840413288,0.001,0.9903179843021703,0.9902283360086719,0.031987950942841924,0.001,0.031448569235889796,0.03251700560966442,CALL,AccountMode.EXISTING_CONTRACT_MINIMAL
test_account_access,besu,CALL,presets[cold_account_code_access],,66,412.70107339969263,0.001,0.9748616881438651,0.974468902021113,0.013645056289676489,0.001,0.013028328075642652,0.014240563755319315,CALL,AccountMode.EXISTING_CONTRACT_SAME_MAX
test_account_access,besu,CALL,presets[cold_account_code_write],,66,302.77368798249523,0.001,0.9656008613119473,0.9650633747699465,0.06520309854516398,0.001,0.062015589224664526,0.06819582635567341,CALL,AccountMode.EXISTING_CONTRACT_SAME_MAX
test_account_access,erigon,CALL,presets[cold_account_code_access],,11,176.8566628805199,0.001,0.9898661395230157,0.988740155025573,0.009433121453544637,0.001,0.00875533381572592,0.00990004232762041,CALL,AccountMode.EXISTING_CONTRACT_SAME_MAX
test_account_access,erigon,CALL,presets[cold_account_code_write],,11,559.3015602879466,0.001,0.9945078180498605,0.9938975756109562,0.08362216409201885,0.001,0.07847783537861101,0.08957039762625152,CALL,AccountMode.EXISTING_CONTRACT_SAME_MAX
test_account_access,geth,CALL,presets[cold_account_code_access],,110,66.4879498900392,0.001,0.9470048742443095,0.9465141786354605,0.005302059669835914,0.001,0.005035160480424197,0.005559951272801843,CALL,AccountMode.EXISTING_CONTRACT_SAME_MAX
test_account_access,geth,CALL,presets[cold_account_code_write],,108,75.2920000791021,0.001,0.9803749053857183,0.9801897629836968,0.052060538950571555,0.001,0.050652473853799965,0.05329024292465991,CALL,AccountMode.EXISTING_CONTRACT_SAME_MAX
test_account_access,nethermind,CALL,presets[cold_account_code_access],,44,104.32289614132888,0.001,0.7569163452476967,0.7511286391821657,0.003054098006533796,0.001,0.002478971908200714,0.003664269323779112,CALL,AccountMode.EXISTING_CONTRACT_SAME_MAX
test_account_access,nethermind,CALL,presets[cold_account_code_write],,44,253.3139321055644,0.001,0.9349298076569181,0.9333805173630352,0.0328744436088301,0.001,0.03019015740562827,0.03542129407032179,CALL,AccountMode.EXISTING_CONTRACT_SAME_MAX
test_account_access,reth,CALL,presets[cold_account_code_access],,110,97.14703660521855,0.001,0.976673841067699,0.976457858114622,0.004002961125002801,0.001,0.003886769077256753,0.00411827203894796,CALL,AccountMode.EXISTING_CONTRACT_SAME_MAX
test_account_access,reth,CALL,presets[cold_account_code_write],,110,88.63661379057109,0.001,0.9898599943531,0.989766105411925,0.03303195577907374,0.001,0.03245426293556414,0.033679442556580765,CALL,AccountMode.EXISTING_CONTRACT_SAME_MAX
test_account_access,besu,CALL,presets[cold_account_nocode_access],,66,499.2110045916565,0.001,0.981854090969026,0.981570561140417,0.017488319973351617,0.001,0.016927865388757395,0.01804319569435999,CALL,AccountMode.EXISTING_EOA
test_account_access,besu,CALL,presets[cold_account_nocode_write],,66,305.3604155901883,0.001,0.9804382138484474,0.9801325609398294,0.07860479212522578,0.001,0.07546381889708563,0.08180112572066495,CALL,AccountMode.EXISTING_EOA
test_account_access,erigon,CALL,presets[cold_account_nocode_access],,11,4.260353482090334,0.268,0.9977071376220538,0.9974523751356152,0.008583405029409302,0.001,0.008206918586506164,0.008685647065550396,CALL,AccountMode.EXISTING_EOA
test_account_access,erigon,CALL,presets[cold_account_nocode_write],,11,193.58596301951124,0.001,0.9979516715427289,0.997724079491921,0.05892766973089092,0.001,0.05728141766380353,0.06153976654336411,CALL,AccountMode.EXISTING_EOA
test_account_access,geth,CALL,presets[cold_account_nocode_access],,109,225.71929656877177,0.001,0.9800114757006024,0.9798246670622903,0.011648380213883907,0.001,0.011308636758475129,0.011973710378908762,CALL,AccountMode.EXISTING_EOA
test_account_access,geth,CALL,presets[cold_account_nocode_write],,109,130.25328083530883,0.001,0.9814891696483536,0.9813161712338523,0.06449469719927027,0.001,0.06269732533899015,0.06627123415428228,CALL,AccountMode.EXISTING_EOA
test_account_access,nethermind,CALL,presets[cold_account_nocode_access],,44,83.38865864368633,0.001,0.9395590478769934,0.9381199775883504,0.0038650027868892965,0.001,0.003531705522806271,0.00418446163502213,CALL,AccountMode.EXISTING_EOA
test_account_access,nethermind,CALL,presets[cold_account_nocode_write],,44,288.6272807945273,0.001,0.9507391840795589,0.9495663075100246,0.03386523693858916,0.001,0.03158472091448637,0.03627060109591199,CALL,AccountMode.EXISTING_EOA
test_account_access,reth,CALL,presets[cold_account_nocode_access],,110,41.50712394736796,0.001,0.9380764841745742,0.9375031182873018,0.001624095641285504,0.001,0.0015485707245405957,0.001705289182406761,CALL,AccountMode.EXISTING_EOA
test_account_access,reth,CALL,presets[cold_account_nocode_write],,110,78.23722262548576,0.001,0.993279932555879,0.9932177097091741,0.02894594990091088,0.001,0.028508869545484174,0.029368987179185135,CALL,AccountMode.EXISTING_EOA
test_account_access,besu,CALL,presets[cold_account_nocode_access],,66,207.36926179719316,0.001,0.9862112495692384,0.9859958003437578,0.018994509552125588,0.001,0.01847907019769171,0.01954322562600091,CALL,AccountMode.NON_EXISTING_ACCOUNT
test_account_access,besu,CALL,presets[cold_account_nocode_write],,66,48.40092005068226,0.001,0.9498186305269453,0.9490345466289288,0.1513932521241021,0.001,0.14318943560771993,0.1597325172820176,CALL,AccountMode.NON_EXISTING_ACCOUNT
test_account_access,erigon,CALL,presets[cold_account_nocode_access],,11,10.33389502427059,0.196,0.995229346932687,0.9946992743696523,0.008229727502713184,0.001,0.00780272456714561,0.008378159648402394,CALL,AccountMode.NON_EXISTING_ACCOUNT
test_account_access,erigon,CALL,presets[cold_account_nocode_write],,11,91.00299826077621,0.001,0.9939507797832983,0.9932786442036647,0.2896122219178045,0.001,0.2641083284742156,0.3092104491747495,CALL,AccountMode.NON_EXISTING_ACCOUNT
test_account_access,geth,CALL,presets[cold_account_nocode_access],,110,294.04154808214287,0.001,0.9848141610862025,0.9846735514666303,0.022113688918205605,0.001,0.02161189086463488,0.02263530097854927,CALL,AccountMode.NON_EXISTING_ACCOUNT
test_account_access,geth,CALL,presets[cold_account_nocode_write],,110,62.60708315512949,0.001,0.7708545841732,0.7687328673599888,0.12322964223522924,0.001,0.1104982699384633,0.13533040516864503,CALL,AccountMode.NON_EXISTING_ACCOUNT
test_account_access,nethermind,CALL,presets[cold_account_nocode_access],,44,58.035687490325756,0.001,0.9252719575685726,0.9234927184630625,0.00400711545721312,0.001,0.0036757250890753295,0.004383741624736322,CALL,AccountMode.NON_EXISTING_ACCOUNT
test_account_access,nethermind,CALL,presets[cold_account_nocode_write],,44,31.346928371221214,0.001,0.9253266226379117,0.9235486850816714,0.08122615751098403,0.001,0.0737296331070748,0.08723366336107319,CALL,AccountMode.NON_EXISTING_ACCOUNT
test_account_access,reth,CALL,presets[cold_account_nocode_access],,110,35.70787879643939,0.001,0.9310825911937678,0.9304444670381545,0.0010973972395823127,0.001,0.0010429888352078097,0.0011559752810570193,CALL,AccountMode.NON_EXISTING_ACCOUNT
test_account_access,reth,CALL,presets[cold_account_nocode_write],,110,18.224460365356162,0.001,0.8531079651309368,0.8517478536969639,0.04362136502597114,0.001,0.040525647577427076,0.04688814634446262,CALL,AccountMode.NON_EXISTING_ACCOUNT
test_account_access,besu,CALLCODE,presets[cold_account_code_access],,66,431.367539111099,0.001,0.9845752941929321,0.9843342831646966,0.022443305204959175,0.001,0.021818387649231295,0.023060383277627088,CALLCODE,AccountMode.EXISTING_CONTRACT_DIFF_MAX
test_account_access,besu,CALLCODE,presets[cold_account_code_write],,66,159.01792115376676,0.001,0.9266734660401071,0.9255277389469838,0.027159726196869495,0.001,0.02484165813659259,0.029361510872763424,CALLCODE,AccountMode.EXISTING_CONTRACT_DIFF_MAX
test_account_access,erigon,CALLCODE,presets[cold_account_code_access],,11,823.7831030228184,0.167,0.8871455478790942,0.8746061643101046,0.1193837239067984,0.001,0.0881255052613403,0.1340590745603777,CALLCODE,AccountMode.EXISTING_CONTRACT_DIFF_MAX
test_account_access,erigon,CALLCODE,presets[cold_account_code_write],,11,209.1715297812371,0.173,0.8771486977231083,0.8634985530256759,0.1253886542428557,0.001,0.08790218174449943,0.14117667949221266,CALLCODE,AccountMode.EXISTING_CONTRACT_DIFF_MAX
test_account_access,geth,CALLCODE,presets[cold_account_code_access],,109,475.3657832685671,0.001,0.933911098439962,0.9332934451543542,0.021798180014470377,0.001,0.02061294231344947,0.023005648608992034,CALLCODE,AccountMode.EXISTING_CONTRACT_DIFF_MAX
test_account_access,geth,CALLCODE,presets[cold_account_code_write],,108,110.38539121883771,0.001,0.9173594924890137,0.9165798650596648,0.0290155157503288,0.001,0.027369882564662846,0.030509978551853112,CALLCODE,AccountMode.EXISTING_CONTRACT_DIFF_MAX
test_account_access,nethermind,CALLCODE,presets[cold_account_code_access],,44,667.199393064301,0.001,0.8984709888210952,0.8960536314120737,0.015162589389389962,0.001,0.013246790908656419,0.017011539215315508,CALLCODE,AccountMode.EXISTING_CONTRACT_DIFF_MAX
test_account_access,nethermind,CALLCODE,presets[cold_account_code_write],,44,187.32932181649633,0.001,0.8052530284136502,0.8006161957568323,0.024664445277490593,0.001,0.020278358510561877,0.028616094789577707,CALLCODE,AccountMode.EXISTING_CONTRACT_DIFF_MAX
test_account_access,reth,CALLCODE,presets[cold_account_code_access],,110,137.85473021483,0.001,0.9968364986249679,0.9968072069455695,0.020714642258041257,0.001,0.02050157011998732,0.02097434650394627,CALLCODE,AccountMode.EXISTING_CONTRACT_DIFF_MAX
test_account_access,reth,CALLCODE,presets[cold_account_code_write],,110,62.825821111877,0.001,0.9855947618723823,0.9854613800378673,0.023014459522022527,0.001,0.022521228928156316,0.023516122196737585,CALLCODE,AccountMode.EXISTING_CONTRACT_DIFF_MAX
test_account_access,besu,CALLCODE,presets[cold_account_code_access],,66,390.7512886639019,0.001,0.98017385206639,0.9798640685049274,0.013827477917080177,0.001,0.013307779478511379,0.014310724654551974,CALLCODE,AccountMode.EXISTING_CONTRACT_MINIMAL
test_account_access,besu,CALLCODE,presets[cold_account_code_write],,66,37.3537710050116,0.001,0.9582682025292446,0.9576161431937641,0.0225990002317782,0.001,0.02135476813054986,0.023846877013258393,CALLCODE,AccountMode.EXISTING_CONTRACT_MINIMAL
test_account_access,erigon,CALLCODE,presets[cold_account_code_access],,11,159.50874829470195,0.001,0.9863534990647094,0.9848372211830104,0.009191886713479938,0.001,0.00854387545190034,0.00972382780752938,CALLCODE,AccountMode.EXISTING_CONTRACT_MINIMAL
test_account_access,erigon,CALLCODE,presets[cold_account_code_write],,11,48.288146505047884,0.001,0.9437198893800716,0.9374665437556351,0.01337575575672201,0.001,0.010421187306500905,0.015307655021003274,CALLCODE,AccountMode.EXISTING_CONTRACT_MINIMAL
test_account_access,geth,CALLCODE,presets[cold_account_code_access],,106,68.40960801888873,0.001,0.9405358378171597,0.93996406702694,0.005195263200076944,0.001,0.004932859225812542,0.0054681851999702265,CALLCODE,AccountMode.EXISTING_CONTRACT_MINIMAL
test_account_access,geth,CALLCODE,presets[cold_account_code_write],,106,56.78446830864063,0.001,0.7027009604403368,0.6998423158291862,0.005408228783097468,0.001,0.00467424815153699,0.006086227121108573,CALLCODE,AccountMode.EXISTING_CONTRACT_MINIMAL
test_account_access,nethermind,CALLCODE,presets[cold_account_code_access],,44,106.70899599508073,0.001,0.6480164849227792,0.6396359250399882,0.0027434493588371126,0.001,0.002084970382547245,0.003405301723110736,CALLCODE,AccountMode.EXISTING_CONTRACT_MINIMAL
test_account_access,nethermind,CALLCODE,presets[cold_account_code_write],,44,63.66108298690202,0.001,0.7644182168279934,0.7588091267524695,0.004595153746482102,0.001,0.0038241332520477815,0.0052652159541786096,CALLCODE,AccountMode.EXISTING_CONTRACT_MINIMAL
test_account_access,reth,CALLCODE,presets[cold_account_code_access],,110,94.87817688449944,0.001,0.9719210039321795,0.9716610132278478,0.0034997278941748203,0.001,0.0033877920905936295,0.003621768017532574,CALLCODE,AccountMode.EXISTING_CONTRACT_MINIMAL
test_account_access,reth,CALLCODE,presets[cold_account_code_write],,110,21.305683517680258,0.001,0.952638476079014,0.9521999434501159,0.005954027150150981,0.001,0.005717768146907323,0.006188187640780896,CALLCODE,AccountMode.EXISTING_CONTRACT_MINIMAL
test_account_access,besu,CALLCODE,presets[cold_account_code_access],,66,424.60071702321716,0.001,0.9765443494412721,0.9761778549012919,0.012519654283692382,0.001,0.012023959078747324,0.013027444023216182,CALLCODE,AccountMode.EXISTING_CONTRACT_SAME_MAX
test_account_access,besu,CALLCODE,presets[cold_account_code_write],,66,42.38257119057003,0.001,0.9592501955925832,0.9586134798987173,0.02248831796429337,0.001,0.02110978088098915,0.023577556528156244,CALLCODE,AccountMode.EXISTING_CONTRACT_SAME_MAX
test_account_access,erigon,CALLCODE,presets[cold_account_code_access],,11,174.19263766791647,0.001,0.9808730808763375,0.978747867640375,0.008928845983937608,0.001,0.007830952402891046,0.009544077478013913,CALLCODE,AccountMode.EXISTING_CONTRACT_SAME_MAX
test_account_access,erigon,CALLCODE,presets[cold_account_code_write],,11,66.94336328394667,0.001,0.9210193511151795,0.9122437234613106,0.012414406811208627,0.001,0.009587060033874916,0.014491455286230696,CALLCODE,AccountMode.EXISTING_CONTRACT_SAME_MAX
test_account_access,geth,CALLCODE,presets[cold_account_code_access],,110,59.13978421708793,0.001,0.9500635547658559,0.9496011802729472,0.005370705341549591,0.001,0.005157188606881842,0.005587080084454951,CALLCODE,AccountMode.EXISTING_CONTRACT_SAME_MAX
test_account_access,geth,CALLCODE,presets[cold_account_code_write],,108,55.778932304226096,0.001,0.7334730180725896,0.7309586125827083,0.005554737785947936,0.001,0.004938621750712201,0.006166724132135127,CALLCODE,AccountMode.EXISTING_CONTRACT_SAME_MAX
test_account_access,nethermind,CALLCODE,presets[cold_account_code_access],,44,99.51570103452298,0.001,0.6981122460229597,0.6909244423568397,0.0029225684155550383,0.001,0.0023452076779039623,0.0035302581193717548,CALLCODE,AccountMode.EXISTING_CONTRACT_SAME_MAX
test_account_access,nethermind,CALLCODE,presets[cold_account_code_write],,44,49.22819524436066,0.001,0.8253842599587935,0.8212267423387648,0.005429347229048772,0.001,0.0045501142821112155,0.006294536703431278,CALLCODE,AccountMode.EXISTING_CONTRACT_SAME_MAX
test_account_access,reth,CALLCODE,presets[cold_account_code_access],,110,96.49865655417679,0.001,0.976490084650801,0.9762724002494195,0.003549850069319383,0.001,0.0034456297057763228,0.0036391322957672113,CALLCODE,AccountMode.EXISTING_CONTRACT_SAME_MAX
test_account_access,reth,CALLCODE,presets[cold_account_code_write],,110,24.586625887954582,0.001,0.9523751156927729,0.95193414454178,0.0058424190104115715,0.001,0.005587749606978535,0.006099403971123819,CALLCODE,AccountMode.EXISTING_CONTRACT_SAME_MAX
test_account_access,besu,CALLCODE,presets[cold_account_nocode_access],,66,483.33466260141864,0.001,0.9774135729003365,0.9770606599769043,0.016495361809381694,0.001,0.015888238371435333,0.017133658661844298,CALLCODE,AccountMode.EXISTING_EOA
test_account_access,besu,CALLCODE,presets[cold_account_nocode_write],,66,120.14635348118448,0.001,0.9597027368777756,0.9590730921414908,0.024011351660825554,0.001,0.022616103804922124,0.02516331975913122,CALLCODE,AccountMode.EXISTING_EOA
test_account_access,erigon,CALLCODE,presets[cold_account_nocode_access],,11,0.0,1.0,0.9947499922894405,0.9941666580993783,0.008139121691669483,0.001,0.007719048284688613,0.008232734967486095,CALLCODE,AccountMode.EXISTING_EOA
test_account_access,erigon,CALLCODE,presets[cold_account_nocode_write],,11,6.730216089905601,0.011,0.995757771355815,0.9952864126175722,0.008057041010414111,0.001,0.007739014552233602,0.008388611927666635,CALLCODE,AccountMode.EXISTING_EOA
test_account_access,geth,CALLCODE,presets[cold_account_nocode_access],,110,233.86922947933886,0.001,0.9756345191131074,0.9754089128085991,0.011614883075589279,0.001,0.011244673927794002,0.011957052074129629,CALLCODE,AccountMode.EXISTING_EOA
test_account_access,geth,CALLCODE,presets[cold_account_nocode_write],,109,55.11681448688928,0.001,0.9341551474942,0.9335397750408748,0.01715510823119229,0.001,0.01624787425414113,0.017995582586147148,CALLCODE,AccountMode.EXISTING_EOA
test_account_access,nethermind,CALLCODE,presets[cold_account_nocode_access],,44,72.8017024941763,0.001,0.9008389027426374,0.8984779242365097,0.0036113407860781646,0.001,0.003215454822996892,0.004020777359676368,CALLCODE,AccountMode.EXISTING_EOA
test_account_access,nethermind,CALLCODE,presets[cold_account_nocode_write],,44,56.68726312056612,0.001,0.8860779698727657,0.883365540584022,0.005635381711343716,0.001,0.0049909717236151455,0.00622912813364362,CALLCODE,AccountMode.EXISTING_EOA
test_account_access,reth,CALLCODE,presets[cold_account_nocode_access],,110,39.70735671235479,0.001,0.9408133433517871,0.9402653187531925,0.0011699028728403226,0.001,0.001113262094002088,0.0012230588758005792,CALLCODE,AccountMode.EXISTING_EOA
test_account_access,reth,CALLCODE,presets[cold_account_nocode_write],,110,9.43503525829177,0.001,0.8597565677037661,0.8584580174047268,0.002041457926103411,0.001,0.0019066745535823294,0.002174983237444617,CALLCODE,AccountMode.EXISTING_EOA
test_account_access,besu,CALLCODE,presets[cold_account_nocode_access],,66,179.80668056994563,0.001,0.9895142805883576,0.9893504412225507,0.016369121792394668,0.001,0.015982062417850437,0.016791007484692606,CALLCODE,AccountMode.NON_EXISTING_ACCOUNT
test_account_access,besu,CALLCODE,presets[cold_account_nocode_write],,66,113.9963769641415,0.001,0.9516348302453059,0.9508791244678888,0.01694661850818286,0.001,0.01604934812191338,0.017780127478710446,CALLCODE,AccountMode.NON_EXISTING_ACCOUNT
test_account_access,erigon,CALLCODE,presets[cold_account_nocode_access],,11,0.0,1.0,0.9951742812471436,0.9946380902746039,0.0079933203397246,0.001,0.00787255917923264,0.008096629027481157,CALLCODE,AccountMode.NON_EXISTING_ACCOUNT
test_account_access,erigon,CALLCODE,presets[cold_account_nocode_write],,11,15.635292110605205,0.001,0.9964862956755202,0.9960958840839113,0.007086571307263193,0.001,0.006759818111054289,0.0074749666659079134,CALLCODE,AccountMode.NON_EXISTING_ACCOUNT
test_account_access,geth,CALLCODE,presets[cold_account_nocode_access],,109,328.2672569393086,0.001,0.9832034589313494,0.9830464819120163,0.02217969039059323,0.001,0.021558925544422968,0.022721562548798712,CALLCODE,AccountMode.NON_EXISTING_ACCOUNT
test_account_access,geth,CALLCODE,presets[cold_account_nocode_write],,108,67.86277696697339,0.001,0.9536702802579391,0.9532332074301838,0.03057369638016998,0.001,0.029372101036042195,0.031773075136985685,CALLCODE,AccountMode.NON_EXISTING_ACCOUNT
test_account_access,nethermind,CALLCODE,presets[cold_account_nocode_access],,44,75.34691898235835,0.001,0.8870714586467043,0.8843826838525782,0.0029529854205724475,0.001,0.00265643258174597,0.0032724962892313465,CALLCODE,AccountMode.NON_EXISTING_ACCOUNT
test_account_access,nethermind,CALLCODE,presets[cold_account_nocode_write],,44,40.48407731454148,0.001,0.84647670355732,0.8428213869753514,0.0050161007914792674,0.001,0.004273502311524024,0.005627419057291049,CALLCODE,AccountMode.NON_EXISTING_ACCOUNT
test_account_access,reth,CALLCODE,presets[cold_account_nocode_access],,110,37.43441567121651,0.001,0.9195543671225154,0.9188095001514276,0.000917371597311792,0.001,0.000865008134771397,0.0009736406649976565,CALLCODE,AccountMode.NON_EXISTING_ACCOUNT
test_account_access,reth,CALLCODE,presets[cold_account_nocode_write],,110,12.254595639944158,0.001,0.6516719442085706,0.648446684432724,0.0016664125390177368,0.001,0.001451200104674535,0.0018633451085440986,CALLCODE,AccountMode.NON_EXISTING_ACCOUNT
test_account_access,besu,DELEGATECALL,presets[cold_account_code_access],,66,416.09806610162997,0.001,0.9850408875440657,0.9848071514119418,0.022359807183345005,0.001,0.021816347792652114,0.022922944669850297,DELEGATECALL,AccountMode.EXISTING_CONTRACT_DIFF_MAX
test_account_access,erigon,DELEGATECALL,presets[cold_account_code_access],,11,841.2101477436282,0.175,0.8869824193958349,0.8744249104398165,0.11904922478209562,0.001,0.08816258397449193,0.13441138758269194,DELEGATECALL,AccountMode.EXISTING_CONTRACT_DIFF_MAX
test_account_access,geth,DELEGATECALL,presets[cold_account_code_access],,110,488.1078081213621,0.001,0.9158424356062719,0.9150631988989225,0.021480040536272154,0.001,0.020177699189685986,0.022790621976137862,DELEGATECALL,AccountMode.EXISTING_CONTRACT_DIFF_MAX
test_account_access,nethermind,DELEGATECALL,presets[cold_account_code_access],,44,694.0704510110191,0.001,0.8853934016481747,0.8826646731159884,0.014801936717247261,0.001,0.01276390963020846,0.01657707030231087,DELEGATECALL,AccountMode.EXISTING_CONTRACT_DIFF_MAX
test_account_access,reth,DELEGATECALL,presets[cold_account_code_access],,110,148.23626860591708,0.001,0.9961906098329917,0.9961553377018156,0.02058339071029006,0.001,0.020361671556547365,0.020789819426831196,DELEGATECALL,AccountMode.EXISTING_CONTRACT_DIFF_MAX
test_account_access,besu,DELEGATECALL,presets[cold_account_code_access],,66,371.6944835815785,0.001,0.9858704761267925,0.9856497023162736,0.013936901171687693,0.001,0.013469947059933979,0.014445709802995574,DELEGATECALL,AccountMode.EXISTING_CONTRACT_MINIMAL
test_account_access,erigon,DELEGATECALL,presets[cold_account_code_access],,11,165.74317845803148,0.001,0.9854177627517706,0.983797514168634,0.009107032528308417,0.001,0.008102478420592701,0.009643434669725115,DELEGATECALL,AccountMode.EXISTING_CONTRACT_MINIMAL
test_account_access,geth,DELEGATECALL,presets[cold_account_code_access],,107,58.22351863592007,0.001,0.9611722771513063,0.9608024893146521,0.005372083002632132,0.001,0.0051696728579531245,0.005604390793210576,DELEGATECALL,AccountMode.EXISTING_CONTRACT_MINIMAL
test_account_access,nethermind,DELEGATECALL,presets[cold_account_code_access],,44,110.25497204451959,0.001,0.757658890344334,0.7518888639239609,0.002675508732246523,0.001,0.002229601858695836,0.003197298812637878,DELEGATECALL,AccountMode.EXISTING_CONTRACT_MINIMAL
test_account_access,reth,DELEGATECALL,presets[cold_account_code_access],,110,88.49378846156442,0.001,0.9779764877781386,0.9777725663686769,0.003620901761393508,0.001,0.003512289633695398,0.0037270945050346424,DELEGATECALL,AccountMode.EXISTING_CONTRACT_MINIMAL
test_account_access,besu,DELEGATECALL,presets[cold_account_code_access],,66,433.39348751548835,0.001,0.9745669517924187,0.9741695604141752,0.012385028869745398,0.001,0.011839983919752427,0.012883054649183897,DELEGATECALL,AccountMode.EXISTING_CONTRACT_SAME_MAX
test_account_access,erigon,DELEGATECALL,presets[cold_account_code_access],,11,182.6694507464037,0.001,0.9860236017663776,0.9844706686293084,0.008806786651992766,0.001,0.007962086472073785,0.009295434545115722,DELEGATECALL,AccountMode.EXISTING_CONTRACT_SAME_MAX
test_account_access,geth,DELEGATECALL,presets[cold_account_code_access],,108,63.545474232683205,0.001,0.9576291777696323,0.95722945303161,0.0052686595349577085,0.001,0.005057731474558886,0.005492909374482073,DELEGATECALL,AccountMode.EXISTING_CONTRACT_SAME_MAX
test_account_access,nethermind,DELEGATECALL,presets[cold_account_code_access],,44,96.7406287044155,0.001,0.7205434247010767,0.713889696717769,0.002900114719654417,0.001,0.00233329811955889,0.003548725901958144,DELEGATECALL,AccountMode.EXISTING_CONTRACT_SAME_MAX
test_account_access,reth,DELEGATECALL,presets[cold_account_code_access],,110,95.5490756295805,0.001,0.9820543296539599,0.9818881660396447,0.0035712363416736843,0.001,0.0034768266716084938,0.0036679073455801988,DELEGATECALL,AccountMode.EXISTING_CONTRACT_SAME_MAX
test_account_access,besu,DELEGATECALL,presets[cold_account_nocode_access],,66,508.00304224448024,0.001,0.9894648232652696,0.9893002111287895,0.0159203562528093,0.001,0.015535865360295945,0.01635729320457241,DELEGATECALL,AccountMode.EXISTING_EOA
test_account_access,erigon,DELEGATECALL,presets[cold_account_nocode_access],,11,0.0,1.0,0.9958810849775072,0.9954234277527857,0.008112816721630361,0.001,0.00787673047916899,0.008207282539635053,DELEGATECALL,AccountMode.EXISTING_EOA
test_account_access,geth,DELEGATECALL,presets[cold_account_nocode_access],,110,237.3636238596612,0.001,0.9731537581330918,0.9729051818195094,0.011451158725227069,0.001,0.011053032184376565,0.011816995762751152,DELEGATECALL,AccountMode.EXISTING_EOA
test_account_access,nethermind,DELEGATECALL,presets[cold_account_nocode_access],,44,112.71361485455664,0.001,0.8877623189920547,0.8850899932537704,0.0034098961966165875,0.001,0.0030248679044965017,0.0037891531558343077,DELEGATECALL,AccountMode.EXISTING_EOA
test_account_access,reth,DELEGATECALL,presets[cold_account_nocode_access],,110,38.31847040059685,0.001,0.9173967008708894,0.9166318555085828,0.0011749018946893817,0.001,0.0011034390925762974,0.0012471683294615426,DELEGATECALL,AccountMode.EXISTING_EOA
test_account_access,besu,DELEGATECALL,presets[cold_account_nocode_access],,66,190.8628188350912,0.001,0.9901543805886313,0.9900005427853287,0.016034257248858153,0.001,0.015680352306233332,0.016415005700033465,DELEGATECALL,AccountMode.NON_EXISTING_ACCOUNT
test_account_access,erigon,DELEGATECALL,presets[cold_account_nocode_access],,11,0.0,1.0,0.9952208235147918,0.9946898039053242,0.008080456104043496,0.001,0.00794069914379372,0.008175093079566808,DELEGATECALL,AccountMode.NON_EXISTING_ACCOUNT
test_account_access,geth,DELEGATECALL,presets[cold_account_nocode_access],,107,317.4998198476694,0.001,0.9785336955799635,0.9783292545854869,0.022236217282185576,0.001,0.021577234003428696,0.022835785349731633,DELEGATECALL,AccountMode.NON_EXISTING_ACCOUNT
test_account_access,nethermind,DELEGATECALL,presets[cold_account_nocode_access],,44,71.74985851924897,0.001,0.8722718318563569,0.869230684995794,0.00343688426707636,0.001,0.003082841336333862,0.003775603896060991,DELEGATECALL,AccountMode.NON_EXISTING_ACCOUNT
test_account_access,reth,DELEGATECALL,presets[cold_account_nocode_access],,110,34.82953793313146,0.001,0.9261686783415841,0.925485054992895,0.0009709561965266247,0.001,0.0009123111695770341,0.0010280681924708511,DELEGATECALL,AccountMode.NON_EXISTING_ACCOUNT
test_account_access,besu,EXTCODECOPY,presets[cold_account_code_access],,66,399.5885849244839,0.001,0.9832432230767949,0.9829813984373699,0.01990648638994736,0.001,0.01922060428779145,0.02057421645851691,EXTCODECOPY,AccountMode.EXISTING_CONTRACT_DIFF_MAX
test_account_access,erigon,EXTCODECOPY,presets[cold_account_code_access],,11,743.8631979697054,0.205,0.888143661650734,0.8757151796119267,0.11941319246793625,0.001,0.08827095099548876,0.13379219064271072,EXTCODECOPY,AccountMode.EXISTING_CONTRACT_DIFF_MAX
test_account_access,geth,EXTCODECOPY,presets[cold_account_code_access],,110,418.9057652200307,0.001,0.9372668459775128,0.9366859834402675,0.022340300261489577,0.001,0.021085579911994713,0.023481853785183356,EXTCODECOPY,AccountMode.EXISTING_CONTRACT_DIFF_MAX
test_account_access,nethermind,EXTCODECOPY,presets[cold_account_code_access],,44,590.1121654149983,0.001,0.8982445657633432,0.8958218173291371,0.01514321619999521,0.001,0.01347376612162155,0.016706835824966668,EXTCODECOPY,AccountMode.EXISTING_CONTRACT_DIFF_MAX
test_account_access,reth,EXTCODECOPY,presets[cold_account_code_access],,110,133.86372991694392,0.001,0.9972741136899237,0.9972488740018675,0.020754272440820683,0.001,0.020568263339563957,0.02095114301979679,EXTCODECOPY,AccountMode.EXISTING_CONTRACT_DIFF_MAX
test_account_access,besu,EXTCODECOPY,presets[cold_account_code_access],,66,344.6180401800005,0.001,0.9698737274838772,0.9694030044758128,0.012516554771895403,0.001,0.01192795429786775,0.013064873761094322,EXTCODECOPY,AccountMode.EXISTING_CONTRACT_MINIMAL
test_account_access,erigon,EXTCODECOPY,presets[cold_account_code_access],,11,146.57224938728103,0.001,0.9827330164319243,0.9808144627021381,0.00860204232490861,0.001,0.007585497722663721,0.009129142806854212,EXTCODECOPY,AccountMode.EXISTING_CONTRACT_MINIMAL
test_account_access,geth,EXTCODECOPY,presets[cold_account_code_access],,108,62.11020237493551,0.001,0.9401374794113396,0.9395727386510693,0.005288085362613845,0.001,0.005023280971250588,0.005557055348585697,EXTCODECOPY,AccountMode.EXISTING_CONTRACT_MINIMAL
test_account_access,nethermind,EXTCODECOPY,presets[cold_account_code_access],,44,94.24987045508031,0.001,0.8046524927493908,0.8000013616243762,0.0018421451516231532,0.001,0.0016033488854346875,0.002093018696421196,EXTCODECOPY,AccountMode.EXISTING_CONTRACT_MINIMAL
test_account_access,reth,EXTCODECOPY,presets[cold_account_code_access],,110,80.73422292735557,0.001,0.9664354761612792,0.9661246935331429,0.0036680102877160647,0.001,0.003538917164179488,0.003806361186221477,EXTCODECOPY,AccountMode.EXISTING_CONTRACT_MINIMAL
test_account_access,besu,EXTCODECOPY,presets[cold_account_code_access],,66,412.5099226655814,0.001,0.9646738173802443,0.9641218457768106,0.010848936753099812,0.001,0.01030280390871371,0.011412306943809476,EXTCODECOPY,AccountMode.EXISTING_CONTRACT_SAME_MAX
test_account_access,erigon,EXTCODECOPY,presets[cold_account_code_access],,11,184.06188206937867,0.001,0.9876717596019925,0.986301955113325,0.008101021072619818,0.001,0.007414170169906639,0.008551349284583083,EXTCODECOPY,AccountMode.EXISTING_CONTRACT_SAME_MAX
test_account_access,geth,EXTCODECOPY,presets[cold_account_code_access],,110,73.41191819940232,0.001,0.9412893267547533,0.9407457094098899,0.0049514435277945015,0.001,0.0047285017647611845,0.0051775350474233565,EXTCODECOPY,AccountMode.EXISTING_CONTRACT_SAME_MAX
test_account_access,nethermind,EXTCODECOPY,presets[cold_account_code_access],,44,88.43413293522144,0.001,0.7166331093405962,0.7098862786106104,0.001968650272008997,0.001,0.0015720927849938603,0.0023398581192051117,EXTCODECOPY,AccountMode.EXISTING_CONTRACT_SAME_MAX
test_account_access,reth,EXTCODECOPY,presets[cold_account_code_access],,110,91.75632575713148,0.001,0.9771361365801943,0.976924434141122,0.003571376267448948,0.001,0.003457281071981756,0.0036859553782646287,EXTCODECOPY,AccountMode.EXISTING_CONTRACT_SAME_MAX
test_account_access,besu,EXTCODECOPY,presets[cold_account_nocode_access],,66,421.13943446655117,0.001,0.9794994968858362,0.9791791765246773,0.015117671977172523,0.001,0.0146769764077153,0.01562866214510336,EXTCODECOPY,AccountMode.EXISTING_EOA
test_account_access,erigon,EXTCODECOPY,presets[cold_account_nocode_access],,11,0.0,1.0,0.9958694465305702,0.995410496145078,0.007927979402488305,0.001,0.00770235451269926,0.008012278994423496,EXTCODECOPY,AccountMode.EXISTING_EOA
test_account_access,geth,EXTCODECOPY,presets[cold_account_nocode_access],,108,211.6849962101192,0.001,0.9770181587817078,0.9768013489588938,0.011911872871338887,0.001,0.011595879738284997,0.012238348133687443,EXTCODECOPY,AccountMode.EXISTING_EOA
test_account_access,nethermind,EXTCODECOPY,presets[cold_account_nocode_access],,44,109.07267963531807,0.001,0.9122443192708923,0.9101548983011517,0.0029954596467983634,0.001,0.002698822943141509,0.0032660778881058155,EXTCODECOPY,AccountMode.EXISTING_EOA
test_account_access,reth,EXTCODECOPY,presets[cold_account_nocode_access],,110,36.93866666854963,0.001,0.9158189541623062,0.9150395000341793,0.0011641773579649458,0.001,0.0010976395570804537,0.0012325727926488059,EXTCODECOPY,AccountMode.EXISTING_EOA
test_account_access,besu,EXTCODECOPY,presets[cold_account_nocode_access],,66,114.11836381447495,0.001,0.9871668110076645,0.9869662924296592,0.014854751730993555,0.001,0.0145362459635133,0.015262993883765017,EXTCODECOPY,AccountMode.NON_EXISTING_ACCOUNT
test_account_access,erigon,EXTCODECOPY,presets[cold_account_nocode_access],,11,0.0,1.0,0.9963542555011361,0.9959491727790402,0.007819880312458423,0.001,0.007551160242200575,0.0079246493525768,EXTCODECOPY,AccountMode.NON_EXISTING_ACCOUNT
test_account_access,geth,EXTCODECOPY,presets[cold_account_nocode_access],,109,268.17413340736084,0.001,0.9809696488988736,0.9807917951502649,0.022160303891267573,0.001,0.021551856808329245,0.022713687651898882,EXTCODECOPY,AccountMode.NON_EXISTING_ACCOUNT
test_account_access,nethermind,EXTCODECOPY,presets[cold_account_nocode_access],,44,76.31939871190286,0.001,0.9372643333835344,0.9357706270355234,0.0029359244224031822,0.001,0.002703110978452188,0.003169685155784052,EXTCODECOPY,AccountMode.NON_EXISTING_ACCOUNT
test_account_access,reth,EXTCODECOPY,presets[cold_account_nocode_access],,110,33.40733467251033,0.001,0.905874647249659,0.9050031162056744,0.0009544633541560745,0.001,0.0008979928146828922,0.0010105994623377489,EXTCODECOPY,AccountMode.NON_EXISTING_ACCOUNT
test_account_access,besu,EXTCODEHASH,presets[cold_account_code_access],,66,430.9042617188102,0.001,0.9800930384455864,0.9797819921712987,0.019504120246154166,0.001,0.018898990182010352,0.02013415549878837,EXTCODEHASH,AccountMode.EXISTING_CONTRACT_DIFF_MAX
test_account_access,erigon,EXTCODEHASH,presets[cold_account_code_access],,11,174.46346545755722,0.001,0.9834665823766869,0.9816295359740966,0.009298711580320558,0.001,0.008353948999675238,0.010032126542615505,EXTCODEHASH,AccountMode.EXISTING_CONTRACT_DIFF_MAX
test_account_access,geth,EXTCODEHASH,presets[cold_account_code_access],,109,7.913103791968059,0.054,0.9539588147318865,0.9535285232807826,0.003805848318726046,0.001,0.0036641533005149986,0.003941120421960184,EXTCODEHASH,AccountMode.EXISTING_CONTRACT_DIFF_MAX
test_account_access,nethermind,EXTCODEHASH,presets[cold_account_code_access],,44,91.95066741202827,0.001,0.7255381520899216,0.7190033461873007,0.002093358137872861,0.001,0.0017079466977708685,0.0024457759339493474,EXTCODEHASH,AccountMode.EXISTING_CONTRACT_DIFF_MAX
test_account_access,reth,EXTCODEHASH,presets[cold_account_code_access],,110,159.9907107971969,0.001,0.9953334801475864,0.9952902716304344,0.01818345104088097,0.001,0.01793106347069852,0.018436832081323875,EXTCODEHASH,AccountMode.EXISTING_CONTRACT_DIFF_MAX
test_account_access,besu,EXTCODEHASH,presets[cold_account_code_access],,66,383.11369380979124,0.001,0.9620629865434659,0.9614702207082075,0.011890055736531846,0.001,0.011302870155704707,0.012522002107887705,EXTCODEHASH,AccountMode.EXISTING_CONTRACT_MINIMAL
test_account_access,erigon,EXTCODEHASH,presets[cold_account_code_access],,11,165.3803987012121,0.001,0.9845689483100011,0.9828543870111123,0.008681317195256406,0.001,0.007859043585745733,0.009245142932710485,EXTCODEHASH,AccountMode.EXISTING_CONTRACT_MINIMAL
test_account_access,geth,EXTCODEHASH,presets[cold_account_code_access],,110,64.57029003783713,0.001,0.9544827968926276,0.9540613413083001,0.0049565026921437865,0.001,0.004733778797902573,0.005163823595226867,EXTCODEHASH,AccountMode.EXISTING_CONTRACT_MINIMAL
test_account_access,nethermind,EXTCODEHASH,presets[cold_account_code_access],,44,94.98676970440128,0.001,0.8195811793292362,0.8152854931227895,0.002297002754286568,0.001,0.0019853949364080285,0.0026145154883732277,EXTCODEHASH,AccountMode.EXISTING_CONTRACT_MINIMAL
test_account_access,reth,EXTCODEHASH,presets[cold_account_code_access],,110,84.95159811293914,0.001,0.9716440938951248,0.9713815392089686,0.0035730269433526963,0.001,0.0034560110135893655,0.0036993382455894207,EXTCODEHASH,AccountMode.EXISTING_CONTRACT_MINIMAL
test_account_access,besu,EXTCODEHASH,presets[cold_account_code_access],,66,427.36714516637426,0.001,0.9651224896234613,0.9645775285238278,0.010471752811794995,0.001,0.009898109296285536,0.01096513508472067,EXTCODEHASH,AccountMode.EXISTING_CONTRACT_SAME_MAX
test_account_access,erigon,EXTCODEHASH,presets[cold_account_code_access],,11,188.192679803017,0.001,0.9835579200712999,0.9817310223014444,0.00841875276159064,0.001,0.007457128869385692,0.00901627259957194,EXTCODEHASH,AccountMode.EXISTING_CONTRACT_SAME_MAX
test_account_access,geth,EXTCODEHASH,presets[cold_account_code_access],,109,59.46708931377814,0.001,0.9459442778191898,0.9454390841539485,0.005112862137622684,0.001,0.004896630655413642,0.005376262349590876,EXTCODEHASH,AccountMode.EXISTING_CONTRACT_SAME_MAX
test_account_access,nethermind,EXTCODEHASH,presets[cold_account_code_access],,44,91.76825912127984,0.001,0.7824623220432319,0.7772828535204517,0.0022226132833019475,0.001,0.0019283380898316852,0.00250148835945617,EXTCODEHASH,AccountMode.EXISTING_CONTRACT_SAME_MAX
test_account_access,reth,EXTCODEHASH,presets[cold_account_code_access],,110,88.3477028860358,0.001,0.9754654932881389,0.9752383219296957,0.0036316468803918797,0.001,0.003510676177644685,0.0037544825069040096,EXTCODEHASH,AccountMode.EXISTING_CONTRACT_SAME_MAX
test_account_access,besu,EXTCODEHASH,presets[cold_account_nocode_access],,66,474.3794742653772,0.001,0.9804531039402828,0.9801476836893498,0.01428832747049966,0.001,0.013872348697334827,0.01478486390170029,EXTCODEHASH,AccountMode.EXISTING_EOA
test_account_access,erigon,EXTCODEHASH,presets[cold_account_nocode_access],,11,3.0919587767042938,0.295,0.9977337132891749,0.9974819036546388,0.008447521237833586,0.001,0.008154917999571222,0.008539494239881004,EXTCODEHASH,AccountMode.EXISTING_EOA
test_account_access,geth,EXTCODEHASH,presets[cold_account_nocode_access],,108,234.82646442478602,0.001,0.9749437685808653,0.9747073890391753,0.011377881325010369,0.001,0.011056616522582321,0.011713364096676756,EXTCODEHASH,AccountMode.EXISTING_EOA
test_account_access,nethermind,EXTCODEHASH,presets[cold_account_nocode_access],,44,113.693639715014,0.001,0.8968002739588089,0.8943431376244948,0.0031556106093197046,0.001,0.0028505202558111293,0.003487739876140602,EXTCODEHASH,AccountMode.EXISTING_EOA
test_account_access,reth,EXTCODEHASH,presets[cold_account_nocode_access],,110,37.40404505356911,0.001,0.9153747394288563,0.9145911722013457,0.0011486206963288626,0.001,0.0010872887388438958,0.0012127614168532838,EXTCODEHASH,AccountMode.EXISTING_EOA
test_account_access,besu,EXTCODEHASH,presets[cold_account_nocode_access],,66,120.22602906671924,0.001,0.9887393155967314,0.9885633674029304,0.014760020303841225,0.001,0.01441651927645291,0.015083435942538352,EXTCODEHASH,AccountMode.NON_EXISTING_ACCOUNT
test_account_access,erigon,EXTCODEHASH,presets[cold_account_nocode_access],,11,0.0,1.0,0.9963180717180056,0.9959089685755618,0.007931097399825265,0.001,0.007800109854217545,0.008005080641620354,EXTCODEHASH,AccountMode.NON_EXISTING_ACCOUNT
test_account_access,geth,EXTCODEHASH,presets[cold_account_nocode_access],,109,317.73946711399276,0.001,0.9776709479736382,0.9774622652444198,0.021204507208510682,0.001,0.020514750465849482,0.021854123058096846,EXTCODEHASH,AccountMode.NON_EXISTING_ACCOUNT
test_account_access,nethermind,EXTCODEHASH,presets[cold_account_nocode_access],,44,63.14660572170901,0.001,0.9331380757372169,0.9315461251595315,0.0033600768317831246,0.001,0.00306545431014808,0.003633502927463148,EXTCODEHASH,AccountMode.NON_EXISTING_ACCOUNT
test_account_access,reth,EXTCODEHASH,presets[cold_account_nocode_access],,110,33.01258211275029,0.001,0.8909168833143082,0.8899068544561073,0.0009358695688235407,0.001,0.0008735203164066448,0.0010046533742527545,EXTCODEHASH,AccountMode.NON_EXISTING_ACCOUNT
test_account_access,besu,EXTCODESIZE,presets[cold_account_code_access],,66,418.2536408718136,0.001,0.9848357424128167,0.984598800888017,0.01956662492962646,0.001,0.0189632262522184,0.020090840069083345,EXTCODESIZE,AccountMode.EXISTING_CONTRACT_DIFF_MAX
test_account_access,erigon,EXTCODESIZE,presets[cold_account_code_access],,11,1019.1584903671212,0.133,0.8866921011245028,0.8741023345827809,0.13732804000408927,0.001,0.10055854793610572,0.1553803359435659,EXTCODESIZE,AccountMode.EXISTING_CONTRACT_DIFF_MAX
test_account_access,geth,EXTCODESIZE,presets[cold_account_code_access],,108,457.93875785264345,0.001,0.9337880708329578,0.9331634299917593,0.021653585253940254,0.001,0.020412321690569987,0.022882936614912825,EXTCODESIZE,AccountMode.EXISTING_CONTRACT_DIFF_MAX
test_account_access,nethermind,EXTCODESIZE,presets[cold_account_code_access],,44,590.9208684464062,0.001,0.8817053457759267,0.8788888063896393,0.01492478715517739,0.001,0.0127667603609082,0.016766462425025757,EXTCODESIZE,AccountMode.EXISTING_CONTRACT_DIFF_MAX
test_account_access,reth,EXTCODESIZE,presets[cold_account_code_access],,110,149.13221096569634,0.001,0.9938965065196332,0.9938399926911113,0.020458156985147816,0.001,0.020170713639269512,0.020772225836524008,EXTCODESIZE,AccountMode.EXISTING_CONTRACT_DIFF_MAX
test_account_access,besu,EXTCODESIZE,presets[cold_account_code_access],,66,354.2692368233811,0.001,0.9789190292353556,0.978589639067158,0.012164738374490268,0.001,0.011659233246566448,0.012609640201898578,EXTCODESIZE,AccountMode.EXISTING_CONTRACT_MINIMAL
test_account_access,erigon,EXTCODESIZE,presets[cold_account_code_access],,11,157.71425891735026,0.001,0.9862671132781456,0.9847412369757174,0.008501985408454682,0.001,0.007636301157518741,0.009027301886291788,EXTCODESIZE,AccountMode.EXISTING_CONTRACT_MINIMAL
test_account_access,geth,EXTCODESIZE,presets[cold_account_code_access],,109,75.53511526782187,0.001,0.9390739419918144,0.9385045395805229,0.004918347094532933,0.001,0.004707678323123584,0.00514830661010267,EXTCODESIZE,AccountMode.EXISTING_CONTRACT_MINIMAL
test_account_access,nethermind,EXTCODESIZE,presets[cold_account_code_access],,44,75.15057899980033,0.001,0.7479928367123609,0.7419926661578933,0.0020332716189246057,0.001,0.0016341414248424615,0.002417336658503166,EXTCODESIZE,AccountMode.EXISTING_CONTRACT_MINIMAL
test_account_access,reth,EXTCODESIZE,presets[cold_account_code_access],,110,88.0662285311029,0.001,0.9679660331340924,0.9676694223297784,0.00353009955797794,0.001,0.0034066769797681845,0.003654040502612097,EXTCODESIZE,AccountMode.EXISTING_CONTRACT_MINIMAL
test_account_access,besu,EXTCODESIZE,presets[cold_account_code_access],,66,416.28546620678475,0.001,0.9618469222183731,0.9612507803780351,0.0106501355859875,0.001,0.010029422000612305,0.011240663902486538,EXTCODESIZE,AccountMode.EXISTING_CONTRACT_SAME_MAX
test_account_access,erigon,EXTCODESIZE,presets[cold_account_code_access],,11,159.43544247231992,0.001,0.9823162985399793,0.9803514428221992,0.008448053153208346,0.001,0.0075142462984749,0.009013295941690255,EXTCODESIZE,AccountMode.EXISTING_CONTRACT_SAME_MAX
test_account_access,geth,EXTCODESIZE,presets[cold_account_code_access],,110,69.60471899360552,0.001,0.9393709530021043,0.9388095729373089,0.004981419586795261,0.001,0.004753678066932353,0.005247512464694348,EXTCODESIZE,AccountMode.EXISTING_CONTRACT_SAME_MAX
test_account_access,nethermind,EXTCODESIZE,presets[cold_account_code_access],,44,115.10692554434094,0.001,0.6499643457112554,0.6416301634662853,0.0014581894398897875,0.001,0.0011546220029558653,0.00178014205912858,EXTCODESIZE,AccountMode.EXISTING_CONTRACT_SAME_MAX
test_account_access,reth,EXTCODESIZE,presets[cold_account_code_access],,110,96.31835784760034,0.001,0.9598089890795546,0.9594368500895505,0.0034841497824152764,0.001,0.003330958373882161,0.0036553938020944345,EXTCODESIZE,AccountMode.EXISTING_CONTRACT_SAME_MAX
test_account_access,besu,EXTCODESIZE,presets[cold_account_nocode_access],,66,469.2143806605979,0.001,0.9881121357522427,0.9879263878733715,0.014339001406443402,0.001,0.013956833000413445,0.014733092356781032,EXTCODESIZE,AccountMode.EXISTING_EOA
test_account_access,erigon,EXTCODESIZE,presets[cold_account_nocode_access],,11,0.0,1.0,0.99359960400725,0.9928884488969445,0.007895333064393929,0.001,0.007728190517964208,0.008019479131711525,EXTCODESIZE,AccountMode.EXISTING_EOA
test_account_access,geth,EXTCODESIZE,presets[cold_account_nocode_access],,110,231.2260946975659,0.001,0.9750954297486696,0.9748648318759721,0.011397016619427538,0.001,0.011010332559899758,0.011781572747081652,EXTCODESIZE,AccountMode.EXISTING_EOA
test_account_access,nethermind,EXTCODESIZE,presets[cold_account_nocode_access],,44,109.77435904794487,0.001,0.9066044213983944,0.9043807171459752,0.0029490114112874027,0.001,0.002700750979396711,0.003206184031534532,EXTCODESIZE,AccountMode.EXISTING_EOA
test_account_access,reth,EXTCODESIZE,presets[cold_account_nocode_access],,110,32.8830082712435,0.001,0.9407514234221103,0.9402028254908334,0.0012079800354493314,0.001,0.0011551374493809176,0.001262020098157634,EXTCODESIZE,AccountMode.EXISTING_EOA
test_account_access,besu,EXTCODESIZE,presets[cold_account_nocode_access],,66,125.17553984789984,0.001,0.9895958075206132,0.9894332420131228,0.014516672604773625,0.001,0.01422373309685042,0.014876322863005392,EXTCODESIZE,AccountMode.NON_EXISTING_ACCOUNT
test_account_access,erigon,EXTCODESIZE,presets[cold_account_nocode_access],,11,0.0,1.0,0.9954073204705047,0.9948970227450052,0.007836528294462288,0.001,0.0077134310350729434,0.007946011980907438,EXTCODESIZE,AccountMode.NON_EXISTING_ACCOUNT
test_account_access,geth,EXTCODESIZE,presets[cold_account_nocode_access],,107,283.1370219240499,0.001,0.9789052617659977,0.9787043594971024,0.02164576289251627,0.001,0.02102593345022749,0.02230824816459611,EXTCODESIZE,AccountMode.NON_EXISTING_ACCOUNT
test_account_access,nethermind,EXTCODESIZE,presets[cold_account_nocode_access],,44,72.15295417057537,0.001,0.8907904064629233,0.8881901780453738,0.0029843262588815137,0.001,0.0026769313488680248,0.003364533246174413,EXTCODESIZE,AccountMode.NON_EXISTING_ACCOUNT
test_account_access,reth,EXTCODESIZE,presets[cold_account_nocode_access],,110,34.38877460267296,0.001,0.9059571304743201,0.9050863631638972,0.0008998890198085761,0.001,0.0008442735867811809,0.0009625177326508356,EXTCODESIZE,AccountMode.NON_EXISTING_ACCOUNT
test_account_access,besu,STATICCALL,presets[cold_account_code_access],,66,441.5008139659454,0.001,0.9821423607115051,0.9818633350976224,0.022839935614259933,0.001,0.022288760417456904,0.023421294000153692,STATICCALL,AccountMode.EXISTING_CONTRACT_DIFF_MAX
test_account_access,erigon,STATICCALL,presets[cold_account_code_access],,11,858.2859662039344,0.16,0.8866969953335603,0.8741077725928448,0.11881804002942713,0.001,0.0859081866743224,0.13415223350533265,STATICCALL,AccountMode.EXISTING_CONTRACT_DIFF_MAX
test_account_access,geth,STATICCALL,presets[cold_account_code_access],,108,510.62891116229275,0.001,0.9263581856931172,0.9256634515958825,0.0211907885138214,0.001,0.020036132485389317,0.02239561838724838,STATICCALL,AccountMode.EXISTING_CONTRACT_DIFF_MAX
test_account_access,nethermind,STATICCALL,presets[cold_account_code_access],,44,639.5576177731731,0.001,0.901751145532798,0.8994118870931027,0.015597585340070675,0.001,0.01387191162583379,0.017364085349372862,STATICCALL,AccountMode.EXISTING_CONTRACT_DIFF_MAX
test_account_access,reth,STATICCALL,presets[cold_account_code_access],,110,144.82373731306458,0.001,0.9958980417593003,0.995860060664479,0.021502428641232453,0.001,0.021303611419027244,0.021710807200397506,STATICCALL,AccountMode.EXISTING_CONTRACT_DIFF_MAX
test_account_access,besu,STATICCALL,presets[cold_account_code_access],,66,335.9792221676414,0.001,0.9877727378657178,0.9875816868948697,0.015165995712348819,0.001,0.01472686167444504,0.015658361134600046,STATICCALL,AccountMode.EXISTING_CONTRACT_MINIMAL
test_account_access,erigon,STATICCALL,presets[cold_account_code_access],,11,159.98226923602033,0.001,0.9875641247009178,0.9861823607787976,0.009600796972452847,0.001,0.008725729607509987,0.010140639918149074,STATICCALL,AccountMode.EXISTING_CONTRACT_MINIMAL
test_account_access,geth,STATICCALL,presets[cold_account_code_access],,110,61.54154680411106,0.001,0.941808780023305,0.9412699724309282,0.005377557516141944,0.001,0.005090752857626163,0.005643089313084425,STATICCALL,AccountMode.EXISTING_CONTRACT_MINIMAL
test_account_access,nethermind,STATICCALL,presets[cold_account_code_access],,44,144.6584776234101,0.001,0.5909982230065698,0.5812600854591071,0.0023269479470092924,0.001,0.0016772648188687126,0.0029129798662964434,STATICCALL,AccountMode.EXISTING_CONTRACT_MINIMAL
test_account_access,reth,STATICCALL,presets[cold_account_code_access],,110,96.48287324290746,0.001,0.9702243059126853,0.9699486050415065,0.003927196038965878,0.001,0.0038073954153287114,0.0040588752459769775,STATICCALL,AccountMode.EXISTING_CONTRACT_MINIMAL
test_account_access,besu,STATICCALL,presets[cold_account_code_access],,66,422.68996104162693,0.001,0.9749686618738668,0.9745775472156459,0.013155798120848463,0.001,0.01255158502908451,0.013628688572544066,STATICCALL,AccountMode.EXISTING_CONTRACT_SAME_MAX
test_account_access,erigon,STATICCALL,presets[cold_account_code_access],,11,176.04637427874184,0.001,0.9776978390490394,0.9752198211655994,0.009241135753974554,0.001,0.008239272560433684,0.009894976082674149,STATICCALL,AccountMode.EXISTING_CONTRACT_SAME_MAX
test_account_access,geth,STATICCALL,presets[cold_account_code_access],,108,70.39899546116966,0.001,0.9549233245180304,0.9544980728625402,0.0051895798480174875,0.001,0.00500306010027863,0.005387942038325668,STATICCALL,AccountMode.EXISTING_CONTRACT_SAME_MAX
test_account_access,nethermind,STATICCALL,presets[cold_account_code_access],,44,119.95385618618313,0.001,0.7281534630796913,0.7216809264863506,0.002601070153596353,0.001,0.0021253506217238085,0.0030719437508466246,STATICCALL,AccountMode.EXISTING_CONTRACT_SAME_MAX
test_account_access,reth,STATICCALL,presets[cold_account_code_access],,110,96.23704060577428,0.001,0.9753136513020471,0.9750850739992882,0.003999400117097111,0.001,0.0038807319724639103,0.0041180079746044665,STATICCALL,AccountMode.EXISTING_CONTRACT_SAME_MAX
test_account_access,besu,STATICCALL,presets[cold_account_nocode_access],,66,521.2059656140591,0.001,0.9887843042649128,0.988609059019052,0.016933137592913736,0.001,0.016485739927117913,0.01736931865489752,STATICCALL,AccountMode.EXISTING_EOA
test_account_access,erigon,STATICCALL,presets[cold_account_nocode_access],,11,0.0,1.0,0.9974799051721869,0.9971998946357632,0.008585618427590236,0.001,0.008458905877017059,0.008653872511281902,STATICCALL,AccountMode.EXISTING_EOA
test_account_access,geth,STATICCALL,presets[cold_account_nocode_access],,109,248.30650396700455,0.001,0.9787732868106592,0.9785749063135626,0.011373239187391282,0.001,0.011018701612846061,0.011701922568069253,STATICCALL,AccountMode.EXISTING_EOA
test_account_access,nethermind,STATICCALL,presets[cold_account_nocode_access],,44,73.92651888042285,0.001,0.9422513669108462,0.9408763994563425,0.0039563894528148414,0.001,0.0036878033223021445,0.004242896226477489,STATICCALL,AccountMode.EXISTING_EOA
test_account_access,reth,STATICCALL,presets[cold_account_nocode_access],,110,44.108085548361,0.001,0.9303213329984895,0.929676160155883,0.0015686631864111349,0.001,0.0014943686554937062,0.0016438265000755623,STATICCALL,AccountMode.EXISTING_EOA
test_account_access,besu,STATICCALL,presets[cold_account_nocode_access],,66,199.53130040502165,0.001,0.988346879980496,0.9881647999801912,0.018822645108769662,0.001,0.01832155168462131,0.0193720665907045,STATICCALL,AccountMode.NON_EXISTING_ACCOUNT
test_account_access,erigon,STATICCALL,presets[cold_account_nocode_access],,11,0.0,1.0,0.9985926646746723,0.9984362940829693,0.00880953107444869,0.001,0.008686001324834443,0.008878150650634036,STATICCALL,AccountMode.NON_EXISTING_ACCOUNT
test_account_access,geth,STATICCALL,presets[cold_account_nocode_access],,110,313.27505914344664,0.001,0.9850369431764555,0.9848983963540153,0.02234294899184202,0.001,0.021825629909623768,0.022863502264132824,STATICCALL,AccountMode.NON_EXISTING_ACCOUNT
test_account_access,nethermind,STATICCALL,presets[cold_account_nocode_access],,44,76.70179215021832,0.001,0.9028852073788298,0.9005729504116591,0.00352166004985713,0.001,0.003135570452042285,0.003936547587616485,STATICCALL,AccountMode.NON_EXISTING_ACCOUNT
test_account_access,reth,STATICCALL,presets[cold_account_nocode_access],,110,35.16637406637192,0.001,0.9366491691090305,0.9360625873415216,0.0010811106805920447,0.001,0.0010261945324394253,0.0011357839661084116,STATICCALL,AccountMode.NON_EXISTING_ACCOUNT
test_ext_account_query_warm,besu,BALANCE,presets[warm_account_access],,66,148.88154553177563,0.001,0.864020017201224,0.8618953299699932,7.202507587298284e-05,0.001,6.492545197484272e-05,7.952973649267006e-05,BALANCE,
test_ext_account_query_warm,erigon,BALANCE,presets[warm_account_access],,11,26.843838043758446,0.001,0.8505463242750251,0.8339403603055834,1.7699498382037667e-05,0.001,1.4315575036637738e-05,2.3996214755805606e-05,BALANCE,
test_ext_account_query_warm,geth,BALANCE,presets[warm_account_access],,110,17.68390411683163,0.001,0.7503399390167776,0.7480282717854515,2.7978485427032486e-05,0.001,2.4798976982435293e-05,3.104770734592062e-05,BALANCE,
test_ext_account_query_warm,nethermind,BALANCE,presets[warm_account_access],,44,159.67895886082738,0.001,0.5515156793593167,0.5408374812488241,0.00011515641844331047,0.001,8.150397257036795e-05,0.00014650290831113696,BALANCE,
test_ext_account_query_warm,reth,BALANCE,presets[warm_account_access],,110,10.453441637135473,0.001,0.576681476125967,0.5727618601641704,1.180589669493223e-05,0.001,1.0176975827092051e-05,1.331279461116087e-05,BALANCE,
test_ext_account_query_warm,besu,CALL,presets[warm_account_access],,66,438.5283382744413,0.001,0.9153263635402096,0.9140033379705254,0.0005082461884698581,0.001,0.00046730514798606063,0.0005460341501006188,CALL,
test_ext_account_query_warm,erigon,CALL,presets[warm_account_access],,11,39.446399417810234,0.001,0.9548130553520903,0.9497922837245447,8.822538099576539e-05,0.001,7.32954639879172e-05,9.991212025234678e-05,CALL,
test_ext_account_query_warm,geth,CALL,presets[warm_account_access],,110,39.87416287808827,0.001,0.9012760595842843,0.9003619490248795,0.00012866688587213063,0.001,0.0001211989165245838,0.0001366615940928206,CALL,
test_ext_account_query_warm,nethermind,CALL,presets[warm_account_access],,44,355.37713484272746,0.001,0.8064929549580446,0.8018856443618075,0.00025279583615663356,0.001,0.00022169031863286087,0.0002850254370504979,CALL,
test_ext_account_query_warm,reth,CALL,presets[warm_account_access],,110,21.832398609113362,0.001,0.9443303488371204,0.9438148891041308,6.03520502476709e-05,0.001,5.759137705075807e-05,6.326096019901436e-05,CALL,
test_ext_account_query_warm,besu,CALLCODE,presets[warm_account_access],,66,466.42692346547636,0.001,0.9250672433477216,0.9238964190250297,0.00047863430159989867,0.001,0.00043913238625427196,0.0005158183517326641,CALLCODE,
test_ext_account_query_warm,erigon,CALLCODE,presets[warm_account_access],,11,21.53159294900548,0.001,0.9565376067235422,0.9517084519150468,6.038495837679025e-05,0.001,5.1858350805246916e-05,6.67823137177146e-05,CALLCODE,
test_ext_account_query_warm,geth,CALLCODE,presets[warm_account_access],,110,32.998517564826045,0.001,0.9047170229672995,0.9038347731799596,0.00017035354257412952,0.001,0.00016027769107368383,0.000181690019865726,CALLCODE,
test_ext_account_query_warm,nethermind,CALLCODE,presets[warm_account_access],,44,231.5268683241115,0.001,0.5215660825070523,0.5101747987572203,0.00015379052739550555,0.001,0.00011299065106341626,0.00019226764929018835,CALLCODE,
test_ext_account_query_warm,reth,CALLCODE,presets[warm_account_access],,110,22.816318409922797,0.001,0.9277513358872511,0.927082366775096,5.7302618195991896e-05,0.001,5.3984627844211743e-05,6.0482706340501464e-05,CALLCODE,
test_ext_account_query_warm,besu,DELEGATECALL,presets[warm_account_access],,66,481.1288116961028,0.001,0.8809378522876834,0.8790775062296785,0.00040135155153853255,0.001,0.0003652040534945679,0.0004369939134877392,DELEGATECALL,
test_ext_account_query_warm,erigon,DELEGATECALL,presets[warm_account_access],,11,38.45110843822449,0.001,0.9381786547168087,0.9313096163520097,5.196733849475596e-05,0.001,4.263120388086135e-05,5.8508180436158984e-05,DELEGATECALL,
test_ext_account_query_warm,geth,DELEGATECALL,presets[warm_account_access],,109,29.71600194048467,0.001,0.9056652685442448,0.9047836355399854,0.00015037366433783068,0.001,0.00014106409385638592,0.00016126697541251302,DELEGATECALL,
test_ext_account_query_warm,nethermind,DELEGATECALL,presets[warm_account_access],,44,271.8844056176834,0.001,0.7569322444677695,0.7511449169550973,0.0003827430858321876,0.001,0.00032043571589063615,0.00044117810018298503,DELEGATECALL,
test_ext_account_query_warm,reth,DELEGATECALL,presets[warm_account_access],,110,20.9476799711971,0.001,0.9396679977728908,0.9391093681226398,5.632912125519136e-05,0.001,5.422132780656688e-05,5.852492417651146e-05,DELEGATECALL,
test_ext_account_query_warm,besu,EXTCODEHASH,presets[warm_account_access],,66,170.04254905693568,0.001,0.8138866646981868,0.810978643834096,6.618926192859127e-05,0.001,5.766795236723621e-05,7.458355419793674e-05,EXTCODEHASH,
test_ext_account_query_warm,erigon,EXTCODEHASH,presets[warm_account_access],,11,29.694222404038378,0.001,0.8786418940847932,0.8651576600942147,2.7312407378712953e-05,0.001,2.0606962421157823e-05,3.590529176309254e-05,EXTCODEHASH,
test_ext_account_query_warm,geth,EXTCODEHASH,presets[warm_account_access],,110,17.33070068215786,0.001,0.8387998602194149,0.8373072663325576,4.164451741230865e-05,0.001,3.847010294416399e-05,4.5108735554642384e-05,EXTCODEHASH,
test_ext_account_query_warm,nethermind,EXTCODEHASH,presets[warm_account_access],,44,219.59479360004423,0.001,0.7322838881764594,0.7259096950378037,0.00020434863971236845,0.001,0.0001694306766809049,0.00024102788207943748,EXTCODEHASH,
test_ext_account_query_warm,reth,EXTCODEHASH,presets[warm_account_access],,110,8.89662554299499,0.001,0.728267500633577,0.7257514589727768,1.369939439045011e-05,0.001,1.2182444707625516e-05,1.518116324910498e-05,EXTCODEHASH,
test_ext_account_query_warm,besu,EXTCODESIZE,presets[warm_account_access],,66,92.18557874336697,0.001,0.8972516785757578,0.895646236053504,0.00012417898573877402,0.001,0.00011421407822129832,0.00013323116134132348,EXTCODESIZE,
test_ext_account_query_warm,erigon,EXTCODESIZE,presets[warm_account_access],,11,20.457086218625093,0.001,0.6832241360398148,0.6480268178220164,1.8694788547299212e-05,0.001,1.125680211498065e-05,3.0455340157781176e-05,EXTCODESIZE,
test_ext_account_query_warm,geth,EXTCODESIZE,presets[warm_account_access],,110,10.593887086819567,0.001,0.7147256049518625,0.7120841753680835,3.189574314191542e-05,0.001,2.8302570581901508e-05,3.5663379498103875e-05,EXTCODESIZE,
test_ext_account_query_warm,nethermind,EXTCODESIZE,presets[warm_account_access],,44,73.53531221035482,0.001,0.6882398461081582,0.6808169853012096,0.00021978548555182188,0.001,0.00017681317699848144,0.0002644580898642879,EXTCODESIZE,
test_ext_account_query_warm,reth,EXTCODESIZE,presets[warm_account_access],,110,5.324036700647024,0.001,0.5164972380649151,0.5120203606395903,1.0426002817995442e-05,0.001,8.62735281287025e-06,1.2249851437892143e-05,EXTCODESIZE,
test_ext_account_query_warm,besu,STATICCALL,presets[warm_account_access],,66,407.70781916902723,0.001,0.9471096117525372,0.9462831994361706,0.00043284179072064575,0.001,0.00040614141143455553,0.00045951744742225007,STATICCALL,
test_ext_account_query_warm,erigon,STATICCALL,presets[warm_account_access],,11,35.3092530420899,0.002,0.9528267859993834,0.9475853177770927,6.245255090638715e-05,0.001,5.374862526926357e-05,7.321751164583288e-05,STATICCALL,
test_ext_account_query_warm,geth,STATICCALL,presets[warm_account_access],,109,43.95116406177,0.001,0.9054136707364171,0.9045296863507761,0.00016857714453929933,0.001,0.0001581124908144829,0.00018029393696779766,STATICCALL,
test_ext_account_query_warm,nethermind,STATICCALL,presets[warm_account_access],,44,243.51020318535873,0.001,0.7765518794194534,0.7712316860722974,0.0003100128652341952,0.001,0.0002615394670175822,0.0003570531674479782,STATICCALL,
test_ext_account_query_warm,reth,STATICCALL,presets[warm_account_access],,110,22.21566023407459,0.001,0.9196835571471413,0.9189398863799852,5.6658165691095615e-05,0.001,5.319653564497526e-05,5.986949520461526e-05,STATICCALL,
test_sload_bloated,besu,SLOAD,presets[cold_storage_sload],False,66,141.23130934864645,0.001,0.9822236335801784,0.9819458778548686,0.006594255951290204,0.001,0.006355662684306378,0.006797554327851911,,
test_sload_bloated,erigon,SLOAD,presets[cold_storage_sload],False,11,17.496549414830337,0.049,0.9664532681536286,0.9627258535040318,0.006373997472806239,0.001,0.005979486208544536,0.006858960071057613,,
test_sload_bloated,geth,SLOAD,presets[cold_storage_sload],False,109,492.7125442725092,0.001,0.9731425025826276,0.9728914979338671,0.02295253838617827,0.001,0.022198253827455553,0.023796405910892448,,
test_sload_bloated,nethermind,SLOAD,presets[cold_storage_sload],False,44,68.35297455753451,0.001,0.9130440350381451,0.9109736549200057,0.002761994885005403,0.001,0.0024840854173051362,0.003056371314023123,,
test_sload_bloated,reth,SLOAD,presets[cold_storage_sload],False,110,40.400964573331706,0.001,0.955659081776692,0.9552485177190688,0.001338448049222617,0.001,0.0012824641416447694,0.0013978952353260244,,
test_sload_bloated,besu,SLOAD,presets[cold_storage_sload],True,66,269.2079878328912,0.001,0.9895528415739254,0.989389604723518,0.015018548177313707,0.001,0.01457699155423106,0.015411267531477108,,
test_sload_bloated,erigon,SLOAD,presets[cold_storage_sload],True,11,12.759348162079537,0.079,0.9950472378848253,0.9944969309831392,0.005629053099312886,0.001,0.0053807469641308685,0.005835538595337316,,
test_sload_bloated,geth,SLOAD,presets[cold_storage_sload],True,107,482.7232585610652,0.001,0.9730031601383353,0.9727460473777481,0.022339098731845832,0.001,0.021517848980962196,0.023104389052678212,,
test_sload_bloated,nethermind,SLOAD,presets[cold_storage_sload],True,44,61.34835683196993,0.001,0.9836664115093128,0.9832775165452488,0.007834812161134134,0.001,0.007497986182022129,0.008240310422299203,,
test_sload_bloated,reth,SLOAD,presets[cold_storage_sload],True,110,40.95832128414163,0.001,0.9450094439029082,0.9445002720871943,0.001452988193274036,0.001,0.0013816332465257056,0.001513890483516463,,
test_sload_same_key_benchmark,besu,SLOAD,presets[warm_storage_access_sload],,132,103.98877575180623,0.001,0.8336098326790946,0.8323299083150877,7.426245145348442e-05,0.001,6.87909707955842e-05,8.026821928496121e-05,,
test_sload_same_key_benchmark,erigon,SLOAD,presets[warm_storage_access_sload],,22,23.38359418620702,0.001,0.7673326065382594,0.7556992368651724,1.2802402171410027e-05,0.001,9.287389473312416e-06,1.601937508132872e-05,,
test_sload_same_key_benchmark,geth,SLOAD,presets[warm_storage_access_sload],,219,20.183748210404563,0.001,0.8469823930824946,0.8462772428202019,4.7491078608763694e-05,0.001,4.473537479732997e-05,5.037387619994221e-05,,
test_sload_same_key_benchmark,nethermind,SLOAD,presets[warm_storage_access_sload],,88,102.12396360919271,0.001,0.6037580641192879,0.599150599748582,0.00013940176269954557,0.001,0.00011701644931734664,0.00016509055870521868,,
test_sload_same_key_benchmark,reth,SLOAD,presets[warm_storage_access_sload],,220,7.399418366746075,0.001,0.4826540656969355,0.4802809192093067,7.795809169225667e-06,0.001,6.647982885348466e-06,8.92519113117225e-06,,
test_sstore_bloated,besu,SSTORE,presets[cold_storage_sstore_access],False,66,161.75444129675975,0.001,0.9878785252702779,0.9876891272276259,0.008335318583336984,0.001,0.008067935657114885,0.008596423594289977,,
test_sstore_bloated,besu,SSTORE,presets[cold_storage_sstore_write],False,66,34.82380218137774,0.001,0.9460121064448246,0.945168545608025,0.10263523121194584,0.001,0.09797653725447207,0.1075858420058813,,
test_sstore_bloated,erigon,SSTORE,presets[cold_storage_sstore_access],False,11,16.31955830147345,0.023,0.9977875824422453,0.9975417582691615,0.006190669060625193,0.001,0.005940020124932901,0.006382371855040917,,
test_sstore_bloated,erigon,SSTORE,presets[cold_storage_sstore_write],False,11,104.9672222918399,0.001,0.9964577865136506,0.9960642072373895,0.16725706875371443,0.001,0.16199741305761833,0.17261737882119826,,
test_sstore_bloated,geth,SSTORE,presets[cold_storage_sstore_access],False,108,480.46356767029937,0.001,0.978996547112884,0.9787984013309301,0.02256315755742065,0.001,0.021893095369160523,0.02315826757548039,,
test_sstore_bloated,geth,SSTORE,presets[cold_storage_sstore_write],False,109,76.0392905149027,0.001,0.9328451901009378,0.9322175750551522,0.14124101016648066,0.001,0.13410845417613118,0.14826811590330424,,
test_sstore_bloated,nethermind,SSTORE,presets[cold_storage_sstore_access],False,44,78.02411608908423,0.001,0.9177383104430225,0.9157796987869039,0.0026767024568264066,0.001,0.002458324374428146,0.002959764972273785,,
test_sstore_bloated,nethermind,SSTORE,presets[cold_storage_sstore_write],False,44,74.75358932543753,0.001,0.9225936420112972,0.9207506334877567,0.06437680419295409,0.001,0.05810593631277513,0.06987370325692566,,
test_sstore_bloated,reth,SSTORE,presets[cold_storage_sstore_access],False,110,39.51693607952712,0.001,0.9518269508935178,0.9513809041425318,0.0013593934996729542,0.001,0.0012984471073233183,0.001414412796066495,,
test_sstore_bloated,reth,SSTORE,presets[cold_storage_sstore_write],False,110,49.21289146918824,0.001,0.9366140122704756,0.9360271049766837,0.036789791902278574,0.001,0.03526221241587899,0.0384793504160509,,
test_sstore_bloated,besu,SSTORE,presets[cold_storage_sstore_access],True,66,296.34674876575707,0.001,0.9910527436936074,0.99091294281382,0.015644538200726827,0.001,0.015261534738736215,0.016024531324101914,,
test_sstore_bloated,besu,SSTORE,presets[cold_storage_sstore_write],True,66,285.0009878504971,0.001,0.9717819882899452,0.9713410818569757,0.0609389804225744,0.001,0.058061652465082124,0.06344658340663294,,
test_sstore_bloated,erigon,SSTORE,presets[cold_storage_sstore_access],True,11,13.920620580106664,0.146,0.9893101751078738,0.9881224167865265,0.005570648091099818,0.001,0.00508487263044094,0.0057886376386287845,,
test_sstore_bloated,erigon,SSTORE,presets[cold_storage_sstore_write],True,11,317.67315358915306,0.001,0.9993874730586544,0.999319414509616,0.10182904616122,0.001,0.10029906459342941,0.10406063009014291,,
test_sstore_bloated,geth,SSTORE,presets[cold_storage_sstore_access],True,108,463.1008732401556,0.001,0.9759960294381306,0.9757695768856601,0.022077142108551523,0.001,0.021368042439155698,0.02271141688775663,,
test_sstore_bloated,geth,SSTORE,presets[cold_storage_sstore_write],True,110,326.23883261377927,0.001,0.9910841915404706,0.9910016377584379,0.1079369523981128,0.001,0.10615691143956606,0.10979930400250562,,
test_sstore_bloated,nethermind,SSTORE,presets[cold_storage_sstore_access],True,44,58.27964869603903,0.001,0.991242790493247,0.9910342855049911,0.0077790311693361576,0.001,0.007541736265581685,0.008019011048302839,,
test_sstore_bloated,nethermind,SSTORE,presets[cold_storage_sstore_write],True,44,182.84987525979994,0.001,0.9266393609052086,0.9248926790219992,0.05467899414279051,0.001,0.05025920886702758,0.05937670574887045,,
test_sstore_bloated,reth,SSTORE,presets[cold_storage_sstore_access],True,110,39.88762181520549,0.001,0.956843752174888,0.9564441572876184,0.0014600661281374504,0.001,0.0014130120798036207,0.0015144298830798149,,
test_sstore_bloated,reth,SSTORE,presets[cold_storage_sstore_write],True,110,113.39192258344006,0.001,0.9903243264956453,0.9902347369261605,0.0249436488532113,0.001,0.024487391986901145,0.025446769159638425,,
