gas_param,client_name,runtime_ms,pvalue,conf_int_low,conf_int_high,test_name,target_opcode,model_coef_name,source_label,glue_adjustment,rsquared,rsquared_adj,param_account_mode,param_existing_slots,param_opcode,new_gas_decimal,new_gas_rounded,poor_fit,is_winner,selected_test,selected_opcode,selected_model_coef_name
COLD_STORAGE_ACCESS,besu,0.006280746263530364,0.001,0.005995853308000533,0.006536857350347229,test_sload_bloated,SLOAD,target_coef,presets[cold_storage_sload],0.0002625682531476263,0.9812235898679807,0.9807765324838851,,False,,628.0746263530364,629,False,False,test_sload_bloated,SLOAD,target_coef
COLD_STORAGE_ACCESS,besu,0.014716574765401776,0.001,0.014178749651487667,0.0151892676578512,test_sload_bloated,SLOAD,target_coef,presets[cold_storage_sload],0.0002625682531476263,0.9872728030307419,0.9869697745314739,,True,,1471.6574765401776,1472,False,False,test_sload_bloated,SLOAD,target_coef
COLD_STORAGE_ACCESS,besu,0.007847996287167378,0.001,0.007481325170681006,0.008184575057641018,test_sstore_bloated,SSTORE,target_coef,presets[cold_storage_sstore_access],0.0005254361216989901,0.9863723508904298,0.9860478830544877,,False,,784.7996287167377,785,False,False,test_sstore_bloated,SSTORE,target_coef
COLD_STORAGE_ACCESS,besu,0.015163666446182026,0.001,0.014650992387417272,0.01566858361025094,test_sstore_bloated,SSTORE,target_coef,presets[cold_storage_sstore_access],0.00043786302850367894,0.9891653428286457,0.9889073748007563,,True,,1516.3666446182026,1517,False,True,test_sstore_bloated,SSTORE,target_coef
COLD_STORAGE_ACCESS,geth,0.022796327888645742,0.001,0.021776029726122383,0.023646671448388158,test_sload_bloated,SLOAD,target_coef,presets[cold_storage_sload],0.0,0.9724896635301217,0.9721179022264747,,False,,2279.632788864574,2280,False,True,test_sload_bloated,SLOAD,target_coef
COLD_STORAGE_ACCESS,geth,0.02237177933470135,0.001,0.021500987946422467,0.023283441921491434,test_sload_bloated,SLOAD,target_coef,presets[cold_storage_sload],0.0,0.9731382573149563,0.9727651775554418,,True,,2237.177933470135,2238,False,False,test_sload_bloated,SLOAD,target_coef
COLD_STORAGE_ACCESS,geth,0.02241373197697214,0.001,0.021585062391481964,0.02312308887828395,test_sstore_bloated,SSTORE,target_coef,presets[cold_storage_sstore_access],0.0,0.9793094318871244,0.979025999447222,,False,,2241.3731976972144,2242,False,False,test_sstore_bloated,SSTORE,target_coef
COLD_STORAGE_ACCESS,geth,0.0219966049204321,0.001,0.021081888325364215,0.02283897104712746,test_sstore_bloated,SSTORE,target_coef,presets[cold_storage_sstore_access],0.0,0.9748559310464133,0.9745114917456793,,True,,2199.66049204321,2200,False,False,test_sstore_bloated,SSTORE,target_coef
COLD_STORAGE_ACCESS,nethermind,0.0028874553981617333,0.001,0.002134125888104509,0.0034062078613053396,test_sload_bloated,SLOAD,target_coef,presets[cold_storage_sload],8.90681963605142e-06,0.9180008472740622,0.9088898303045135,,False,,288.74553981617333,289,False,False,test_sload_bloated,SLOAD,target_coef
COLD_STORAGE_ACCESS,nethermind,0.007633342818857343,0.001,0.007248239824172188,0.007929153207765039,test_sload_bloated,SLOAD,target_coef,presets[cold_storage_sload],8.90681963605142e-06,0.9950805542553421,0.9945339491726024,,True,,763.3342818857343,764,False,False,test_sload_bloated,SLOAD,target_coef
COLD_STORAGE_ACCESS,nethermind,0.002869646537497641,0.001,0.0022761335634994785,0.0037891566243442175,test_sstore_bloated,SSTORE,target_coef,presets[cold_storage_sstore_access],0.0,0.8778360725609683,0.8642623028455203,,False,,286.96465374976407,287,False,False,test_sstore_bloated,SSTORE,target_coef
COLD_STORAGE_ACCESS,nethermind,0.007811023667428446,0.001,0.007137520639487214,0.00836305938214,test_sstore_bloated,SSTORE,target_coef,presets[cold_storage_sstore_access],0.0,0.9895555766081413,0.9883950851201571,,True,,781.1023667428445,782,False,True,test_sstore_bloated,SSTORE,target_coef
COLD_STORAGE_ACCESS,reth,0.0013341857802123209,0.001,0.0012665741289904634,0.0014045165316939696,test_sload_bloated,SLOAD,target_coef,presets[cold_storage_sload],0.0,0.9570210926604187,0.9565213379239119,,False,,133.4185780212321,134,False,False,test_sload_bloated,SLOAD,target_coef
COLD_STORAGE_ACCESS,reth,0.0014375654368732598,0.001,0.0013583488969366282,0.0015065323075322732,test_sload_bloated,SLOAD,target_coef,presets[cold_storage_sload],0.0,0.9427575801133348,0.9420919705797689,,True,,143.756543687326,144,False,False,test_sload_bloated,SLOAD,target_coef
COLD_STORAGE_ACCESS,reth,0.0013580523273336025,0.001,0.0012942549388905065,0.0014206681063882345,test_sstore_bloated,SSTORE,target_coef,presets[cold_storage_sstore_access],0.0,0.9495317950133799,0.9489449554205123,,False,,135.80523273336027,136,False,False,test_sstore_bloated,SSTORE,target_coef
COLD_STORAGE_ACCESS,reth,0.001492615575553964,0.001,0.001437900794533524,0.0015491001513524131,test_sstore_bloated,SSTORE,target_coef,presets[cold_storage_sstore_access],0.0,0.9619872197122918,0.961545210639179,,True,,149.2615575553964,150,False,True,test_sstore_bloated,SSTORE,target_coef
COLD_STORAGE_WRITE,besu,0.1034991645305442,0.001,0.09709837737758921,0.10956000861781524,test_sstore_bloated,SSTORE,target_coef,presets[cold_storage_sstore_write],0.0005254361216989901,0.945540555375093,0.9442439019316428,,False,,10349.916453054419,10350,False,True,test_sstore_bloated,SSTORE,target_coef
COLD_STORAGE_WRITE,besu,0.061150124341995786,0.001,0.057641678779879496,0.06443517161963327,test_sstore_bloated,SSTORE,target_coef,presets[cold_storage_sstore_write],0.00043786302850367894,0.9707165980148963,0.9700193741581081,,True,,6115.012434199579,6116,False,False,test_sstore_bloated,SSTORE,target_coef
COLD_STORAGE_WRITE,geth,0.14280515085216045,0.001,0.13432547163620848,0.15184977220814963,test_sstore_bloated,SSTORE,target_coef,presets[cold_storage_sstore_write],0.0,0.9228911145777129,0.9218491026125468,,False,,14280.515085216046,14281,False,True,test_sstore_bloated,SSTORE,target_coef
COLD_STORAGE_WRITE,geth,0.10733340121179344,0.001,0.1052250207493354,0.10958734698368719,test_sstore_bloated,SSTORE,target_coef,presets[cold_storage_sstore_write],0.0,0.9908895353525555,0.9907680624905896,,True,,10733.340121179344,10734,False,False,test_sstore_bloated,SSTORE,target_coef
COLD_STORAGE_WRITE,nethermind,0.0629191508528945,0.001,0.04988372424308172,0.07512057609434683,test_sstore_bloated,SSTORE,target_coef,presets[cold_storage_sstore_write],0.0,0.9388396484722265,0.9320440538580294,,False,,6291.915085289449,6292,False,True,test_sstore_bloated,SSTORE,target_coef
COLD_STORAGE_WRITE,nethermind,0.06222292583892429,0.001,0.05700092929225973,0.06699423342036354,test_sstore_bloated,SSTORE,target_coef,presets[cold_storage_sstore_write],0.0,0.9903240388034216,0.9892489320038017,,True,,6222.292583892429,6223,False,False,test_sstore_bloated,SSTORE,target_coef
COLD_STORAGE_WRITE,reth,0.03650808686868173,0.001,0.034637595192166734,0.03844064496746691,test_sstore_bloated,SSTORE,target_coef,presets[cold_storage_sstore_write],0.0,0.929910851551986,0.9290958614537533,,False,,3650.808686868173,3651,False,True,test_sstore_bloated,SSTORE,target_coef
COLD_STORAGE_WRITE,reth,0.024894620281835027,0.001,0.024362465005222236,0.025479693543101662,test_sstore_bloated,SSTORE,target_coef,presets[cold_storage_sstore_write],0.0,0.9889118576555289,0.9887829257678025,,True,,2489.4620281835028,2490,False,False,test_sstore_bloated,SSTORE,target_coef
WARM_ACCESS,besu,0.0,0.001,0.0,0.0,test_ext_account_query_warm,BALANCE,target_coef,presets[warm_account_access],8.754612286894641e-05,0.8798486061300667,0.876987858656973,,,BALANCE,0.0,0,False,False,test_ext_account_query_warm,BALANCE,target_coef
WARM_ACCESS,besu,0.0,0.001,0.0,2.04837864611337e-05,test_ext_account_query_warm,CALL,target_coef,presets[warm_account_access],0.0005252546911351623,0.9020177637651955,0.8996848533786526,,,CALL,0.0,0,False,False,test_ext_account_query_warm,CALL,target_coef
WARM_ACCESS,besu,0.0,0.001,0.0,0.0,test_ext_account_query_warm,CALLCODE,target_coef,presets[warm_account_access],0.0005252546911351623,0.9210759784834142,0.9191968351139717,,,CALLCODE,0.0,0,False,False,test_ext_account_query_warm,CALLCODE,target_coef
WARM_ACCESS,besu,0.0,0.001,0.0,0.0,test_ext_account_query_warm,DELEGATECALL,target_coef,presets[warm_account_access],0.00043771366541150254,0.916378851926248,0.9143878722102063,,,DELEGATECALL,0.0,0,False,False,test_ext_account_query_warm,DELEGATECALL,target_coef
WARM_ACCESS,besu,0.0,0.001,0.0,0.0,test_ext_account_query_warm,EXTCODEHASH,target_coef,presets[warm_account_access],8.754612286894641e-05,0.7909804468160191,0.7860037907878291,,,EXTCODEHASH,0.0,0,False,False,test_ext_account_query_warm,EXTCODEHASH,target_coef
WARM_ACCESS,besu,3.9464364096137016e-05,0.001,2.9253617167583395e-05,4.856932462595401e-05,test_ext_account_query_warm,EXTCODESIZE,target_coef,presets[warm_account_access],8.754753718600208e-05,0.9162847084617831,0.9142914872346827,,,EXTCODESIZE,3.9464364096137015,4,False,False,test_ext_account_query_warm,EXTCODESIZE,target_coef
WARM_ACCESS,besu,0.0,0.001,0.0,3.659709249453604e-05,test_ext_account_query_warm,STATICCALL,target_coef,presets[warm_account_access],0.00043771366541150254,0.940574412684428,0.9391595177483429,,,STATICCALL,0.0,0,False,False,test_ext_account_query_warm,STATICCALL,target_coef
WARM_ACCESS,besu,7.723884324171125e-05,0.001,7.075905066053194e-05,8.431324057320776e-05,test_sload_same_key_benchmark,SLOAD,target_coef,presets[warm_storage_access_sload],0.0,0.8508557109220931,0.8491214750025826,,,,7.723884324171125,8,False,True,test_sload_same_key_benchmark,SLOAD,target_coef
WARM_ACCESS,geth,2.6033955850930863e-05,0.001,2.317964562240687e-05,2.9038798137163652e-05,test_ext_account_query_warm,BALANCE,target_coef,presets[warm_account_access],0.0,0.7887852358697067,0.7859690390146361,,,BALANCE,2.603395585093086,3,False,False,test_ext_account_query_warm,BALANCE,target_coef
WARM_ACCESS,geth,0.00013230453702058325,0.001,0.00012277408491769527,0.00014172013931011145,test_ext_account_query_warm,CALL,target_coef,presets[warm_account_access],0.0,0.9019180141711306,0.900610254360079,,,CALL,13.230453702058325,14,False,False,test_ext_account_query_warm,CALL,target_coef
WARM_ACCESS,geth,0.00017494490117187232,0.001,0.00016341810462572158,0.0001881438122421022,test_ext_account_query_warm,CALLCODE,target_coef,presets[warm_account_access],0.0,0.9054094881282821,0.9041482813033259,,,CALLCODE,17.494490117187233,18,False,True,test_ext_account_query_warm,CALLCODE,target_coef
WARM_ACCESS,geth,0.0001527542340698384,0.001,0.0001411487489528266,0.000165661179085812,test_ext_account_query_warm,DELEGATECALL,target_coef,presets[warm_account_access],0.0,0.9019036216425983,0.9005779949080388,,,DELEGATECALL,15.275423406983839,16,False,False,test_ext_account_query_warm,DELEGATECALL,target_coef
WARM_ACCESS,geth,4.171778912080932e-05,0.001,3.749373603706701e-05,4.5954085966763006e-05,test_ext_account_query_warm,EXTCODEHASH,target_coef,presets[warm_account_access],0.0,0.8477402704963372,0.8457101407696217,,,EXTCODEHASH,4.171778912080932,5,False,False,test_ext_account_query_warm,EXTCODEHASH,target_coef
WARM_ACCESS,geth,3.134789880386128e-05,0.001,2.7341971802799014e-05,3.6312041505076144e-05,test_ext_account_query_warm,EXTCODESIZE,target_coef,presets[warm_account_access],0.0,0.72733175860846,0.7236961820565728,,,EXTCODESIZE,3.1347898803861276,4,False,False,test_ext_account_query_warm,EXTCODESIZE,target_coef
WARM_ACCESS,geth,0.00016565044167906608,0.001,0.00015404094116901193,0.00017718075530765196,test_ext_account_query_warm,STATICCALL,target_coef,presets[warm_account_access],0.0,0.9022655589184875,0.9009448232281968,,,STATICCALL,16.56504416790661,17,False,False,test_ext_account_query_warm,STATICCALL,target_coef
WARM_ACCESS,geth,4.570879988282922e-05,0.001,4.28290470603679e-05,4.8746837852780046e-05,test_sload_same_key_benchmark,SLOAD,target_coef,presets[warm_storage_access_sload],0.0,0.8504561851859942,0.8494658287964975,,,,4.570879988282922,5,False,False,test_sload_same_key_benchmark,SLOAD,target_coef
WARM_ACCESS,nethermind,0.00011357945347846344,0.005,4.2158496159663144e-05,0.00015943825688850865,test_ext_account_query_warm,BALANCE,target_coef,presets[warm_account_access],3.1302913139150582e-06,0.6923200454243592,0.6581333838048435,,,BALANCE,11.357945347846345,12,False,False,test_ext_account_query_warm,BALANCE,target_coef
WARM_ACCESS,nethermind,0.00023510509503003383,0.001,0.000145579980881015,0.0003241228969111077,test_ext_account_query_warm,CALL,target_coef,presets[warm_account_access],1.2038742957961968e-05,0.7908482980755378,0.7676092200839308,,,CALL,23.510509503003384,24,False,False,test_ext_account_query_warm,CALL,target_coef
WARM_ACCESS,nethermind,0.0001242354075515853,0.001,8.23852154503497e-05,0.00017494873093476906,test_ext_account_query_warm,CALLCODE,target_coef,presets[warm_account_access],1.2038742957961968e-05,0.6965393332050013,0.6628214813388904,,,CALLCODE,12.42354075515853,13,False,False,test_ext_account_query_warm,CALLCODE,target_coef
WARM_ACCESS,nethermind,0.0004474340707741435,0.001,0.0003701797336484265,0.0005090858364378679,test_ext_account_query_warm,DELEGATECALL,target_coef,presets[warm_account_access],1.2038742957961968e-05,0.9563519317749525,0.9515021464166139,,,DELEGATECALL,44.74340707741435,45,False,True,test_ext_account_query_warm,DELEGATECALL,target_coef
WARM_ACCESS,nethermind,0.00020153965479184977,0.001,0.0001580004179785967,0.0002388576115492181,test_ext_account_query_warm,EXTCODEHASH,target_coef,presets[warm_account_access],3.1302913139150582e-06,0.9031136561836921,0.892348506870769,,,EXTCODEHASH,20.153965479184976,21,False,False,test_ext_account_query_warm,EXTCODEHASH,target_coef
WARM_ACCESS,nethermind,0.00023867030564030383,0.001,0.00020091066770618155,0.00028000258766640594,test_ext_account_query_warm,EXTCODESIZE,target_coef,presets[warm_account_access],3.1302913139150582e-06,0.9309894073264124,0.9233215636960138,,,EXTCODESIZE,23.867030564030383,24,False,False,test_ext_account_query_warm,EXTCODESIZE,target_coef
WARM_ACCESS,nethermind,0.00029645895774578013,0.001,0.00021479247623487564,0.0003670380587365323,test_ext_account_query_warm,STATICCALL,target_coef,presets[warm_account_access],1.2038742957961968e-05,0.8924101261526399,0.8804556957251555,,,STATICCALL,29.645895774578012,30,False,False,test_ext_account_query_warm,STATICCALL,target_coef
WARM_ACCESS,nethermind,0.00013558184778445146,0.001,0.00010566144271113421,0.00018048705911577655,test_sload_same_key_benchmark,SLOAD,target_coef,presets[warm_storage_access_sload],0.0,0.660920202072625,0.6439662121762563,,,,13.558184778445145,14,False,False,test_sload_same_key_benchmark,SLOAD,target_coef
WARM_ACCESS,reth,1.1612979233239019e-05,0.001,9.62105759244292e-06,1.3532862697465043e-05,test_ext_account_query_warm,BALANCE,target_coef,presets[warm_account_access],0.0,0.5365909006025986,0.5312024227026289,,,BALANCE,1.1612979233239018,2,False,False,test_ext_account_query_warm,BALANCE,target_coef
WARM_ACCESS,reth,6.139107166591917e-05,0.001,5.767710767638586e-05,6.468400629866365e-05,test_ext_account_query_warm,CALL,target_coef,presets[warm_account_access],0.0,0.9416362047360691,0.9409575559539304,,,CALL,6.139107166591916,7,False,True,test_ext_account_query_warm,CALL,target_coef
WARM_ACCESS,reth,5.69666322799586e-05,0.001,5.3394850903274515e-05,6.06808613813426e-05,test_ext_account_query_warm,CALLCODE,target_coef,presets[warm_account_access],0.0,0.9287530442291958,0.9279245912551167,,,CALLCODE,5.69666322799586,6,False,False,test_ext_account_query_warm,CALLCODE,target_coef
WARM_ACCESS,reth,5.6010276460262995e-05,0.001,5.395712743642076e-05,5.816557422165598e-05,test_ext_account_query_warm,DELEGATECALL,target_coef,presets[warm_account_access],0.0,0.9476174622154373,0.9470083629388726,,,DELEGATECALL,5.601027646026299,6,False,False,test_ext_account_query_warm,DELEGATECALL,target_coef
WARM_ACCESS,reth,1.4334469573712291e-05,0.001,1.2589657967756272e-05,1.584667381146226e-05,test_ext_account_query_warm,EXTCODEHASH,target_coef,presets[warm_account_access],0.0,0.7498340845228293,0.7469251785289087,,,EXTCODEHASH,1.4334469573712292,2,False,False,test_ext_account_query_warm,EXTCODEHASH,target_coef
WARM_ACCESS,reth,1.0285336005027008e-05,0.001,8.59693329300205e-06,1.2116018866342035e-05,test_ext_account_query_warm,EXTCODESIZE,target_coef,presets[warm_account_access],0.0,0.6181251153467682,0.6136847097112654,,,EXTCODESIZE,1.0285336005027008,2,False,False,test_ext_account_query_warm,EXTCODESIZE,target_coef
WARM_ACCESS,reth,5.68429984856537e-05,0.001,5.291269176857133e-05,6.061222013997862e-05,test_ext_account_query_warm,STATICCALL,target_coef,presets[warm_account_access],0.0,0.9163055475767604,0.9153323562695135,,,STATICCALL,5.68429984856537,6,False,False,test_ext_account_query_warm,STATICCALL,target_coef
WARM_ACCESS,reth,7.880132314790046e-06,0.001,6.641121643444202e-06,9.171507445395632e-06,test_sload_same_key_benchmark,SLOAD,target_coef,presets[warm_storage_access_sload],0.0,0.46392483389663586,0.4608439421374212,,,,0.7880132314790046,1,True,False,test_sload_same_key_benchmark,SLOAD,target_coef
COLD_ACCOUNT_NOCODE_ACCESS,besu,0.013635757122085038,0.001,0.013108319213498861,0.014351532606496582,test_account_access,BALANCE,target_coef,presets[cold_account_nocode_access],0.0005253292497720682,0.9810707388592717,0.9806200421654447,AccountMode.EXISTING_EOA,,BALANCE,1363.5757122085038,1364,False,False,test_account_access,BALANCE,target_coef
COLD_ACCOUNT_NOCODE_ACCESS,besu,0.01415228291650427,0.001,0.013792877516512377,0.014606438233539965,test_account_access,BALANCE,target_coef,presets[cold_account_nocode_access],0.0005253292497720682,0.9880119302004438,0.987726499967121,AccountMode.NON_EXISTING_ACCOUNT,,BALANCE,1415.228291650427,1416,False,False,test_account_access,BALANCE,target_coef
COLD_ACCOUNT_NOCODE_ACCESS,besu,0.015367777223511991,0.001,0.014676827930158337,0.01600628146681197,test_account_access,CALL,target_coef,presets[cold_account_nocode_access],0.0019263723520437106,0.9866505573165714,0.9863327134431564,AccountMode.EXISTING_EOA,,CALL,1536.777722351199,1537,False,False,test_account_access,CALL,target_coef
COLD_ACCOUNT_NOCODE_ACCESS,besu,0.016831450211155903,0.001,0.01612788456785955,0.017542028404927183,test_account_access,CALL,target_coef,presets[cold_account_nocode_access],0.0019264327010078681,0.983811531660182,0.9834260919378054,AccountMode.NON_EXISTING_ACCOUNT,,CALL,1683.1450211155905,1684,False,False,test_account_access,CALL,target_coef
COLD_ACCOUNT_NOCODE_ACCESS,besu,0.014629866926030277,0.001,0.013820390911406051,0.015383167440071338,test_account_access,CALLCODE,target_coef,presets[cold_account_nocode_access],0.0019263723520437106,0.9800133702727188,0.979537498136355,AccountMode.EXISTING_EOA,,CALLCODE,1462.9866926030277,1463,False,False,test_account_access,CALLCODE,target_coef
COLD_ACCOUNT_NOCODE_ACCESS,besu,0.01436739755121647,0.001,0.013914581041694572,0.014912950816258009,test_account_access,CALLCODE,target_coef,presets[cold_account_nocode_access],0.0019263723520437106,0.9892498828676286,0.9889939276978102,AccountMode.NON_EXISTING_ACCOUNT,,CALLCODE,1436.7397551216472,1437,False,False,test_account_access,CALLCODE,target_coef
COLD_ACCOUNT_NOCODE_ACCESS,besu,0.014974962429094386,0.001,0.01448363536369301,0.015529832868289413,test_account_access,DELEGATECALL,target_coef,presets[cold_account_nocode_access],0.0008754848426109179,0.988327684187381,0.9880497719061282,AccountMode.EXISTING_EOA,,DELEGATECALL,1497.4962429094387,1498,False,False,test_account_access,DELEGATECALL,target_coef
COLD_ACCOUNT_NOCODE_ACCESS,besu,0.015159653672920888,0.001,0.014794141952300558,0.01559034014881661,test_account_access,DELEGATECALL,target_coef,presets[cold_account_nocode_access],0.0008754848426109179,0.9912425874969667,0.9910340776754659,AccountMode.NON_EXISTING_ACCOUNT,,DELEGATECALL,1515.9653672920888,1516,False,False,test_account_access,DELEGATECALL,target_coef
COLD_ACCOUNT_NOCODE_ACCESS,besu,0.014335044908350155,0.001,0.013781165528289509,0.01491745956073843,test_account_access,EXTCODECOPY,target_coef,presets[cold_account_nocode_access],0.0007879863266164488,0.9766768308659679,0.9761215173151576,AccountMode.EXISTING_EOA,,EXTCODECOPY,1433.5044908350155,1434,False,False,test_account_access,EXTCODECOPY,target_coef
COLD_ACCOUNT_NOCODE_ACCESS,besu,0.01415206893498332,0.001,0.01375701449334608,0.014624247850888493,test_account_access,EXTCODECOPY,target_coef,presets[cold_account_nocode_access],0.0007879863266164488,0.9872486795875475,0.9869450767205843,AccountMode.NON_EXISTING_ACCOUNT,,EXTCODECOPY,1415.206893498332,1416,False,False,test_account_access,EXTCODECOPY,target_coef
COLD_ACCOUNT_NOCODE_ACCESS,besu,0.013787785882744322,0.001,0.013331775685099603,0.014386368925998975,test_account_access,EXTCODEHASH,target_coef,presets[cold_account_nocode_access],0.0005253292497720682,0.9828310390709323,0.9824222542869069,AccountMode.EXISTING_EOA,,EXTCODEHASH,1378.7785882744324,1379,False,False,test_account_access,EXTCODEHASH,target_coef
COLD_ACCOUNT_NOCODE_ACCESS,besu,0.014293576481643682,0.001,0.013856526425903553,0.014745665946243217,test_account_access,EXTCODEHASH,target_coef,presets[cold_account_nocode_access],0.0005253292497720682,0.98845032573738,0.9881753334930319,AccountMode.NON_EXISTING_ACCOUNT,,EXTCODEHASH,1429.3576481643681,1430,False,False,test_account_access,EXTCODEHASH,target_coef
COLD_ACCOUNT_NOCODE_ACCESS,besu,0.013821394396195076,0.001,0.01321470794543948,0.014352675949330403,test_account_access,EXTCODESIZE,target_coef,presets[cold_account_nocode_access],0.0005253324034186766,0.9871005975631103,0.9867934689336606,AccountMode.EXISTING_EOA,,EXTCODESIZE,1382.1394396195076,1383,False,False,test_account_access,EXTCODESIZE,target_coef
COLD_ACCOUNT_NOCODE_ACCESS,besu,0.0139114539703898,0.001,0.013563826297002516,0.014365127555911378,test_account_access,EXTCODESIZE,target_coef,presets[cold_account_nocode_access],0.0005253324034186766,0.9882707047795142,0.987991435845693,AccountMode.NON_EXISTING_ACCOUNT,,EXTCODESIZE,1391.1453970389803,1392,False,False,test_account_access,EXTCODESIZE,target_coef
COLD_ACCOUNT_NOCODE_ACCESS,besu,0.016099579779684473,0.001,0.015547368822084354,0.016676330919424463,test_account_access,STATICCALL,target_coef,presets[cold_account_nocode_access],0.0008754848426109179,0.9868105043369696,0.9864964687259451,AccountMode.EXISTING_EOA,,STATICCALL,1609.957977968447,1610,False,False,test_account_access,STATICCALL,target_coef
COLD_ACCOUNT_NOCODE_ACCESS,besu,0.017847319669720228,0.001,0.017196246249579262,0.01864591076355537,test_account_access,STATICCALL,target_coef,presets[cold_account_nocode_access],0.0008754848426109179,0.9869650155485197,0.9866546587758653,AccountMode.NON_EXISTING_ACCOUNT,,STATICCALL,1784.7319669720227,1785,False,True,test_account_access,STATICCALL,target_coef
COLD_ACCOUNT_NOCODE_ACCESS,geth,0.011472446470867646,0.001,0.01097585143240663,0.012019730280125712,test_account_access,BALANCE,target_coef,presets[cold_account_nocode_access],0.0,0.96908962799632,0.9686719202665406,AccountMode.EXISTING_EOA,,BALANCE,1147.2446470867646,1148,False,False,test_account_access,BALANCE,target_coef
COLD_ACCOUNT_NOCODE_ACCESS,geth,0.021706572465548853,0.001,0.020843573166221232,0.022473530604623388,test_account_access,BALANCE,target_coef,presets[cold_account_nocode_access],0.0,0.9764035760987291,0.9760889571133788,AccountMode.NON_EXISTING_ACCOUNT,,BALANCE,2170.6572465548857,2171,False,False,test_account_access,BALANCE,target_coef
COLD_ACCOUNT_NOCODE_ACCESS,geth,0.011663782773232776,0.001,0.011224733398484685,0.01209652442087298,test_account_access,CALL,target_coef,presets[cold_account_nocode_access],0.0,0.9765424146753331,0.9762254202790538,AccountMode.EXISTING_EOA,,CALL,1166.3782773232776,1167,False,False,test_account_access,CALL,target_coef
COLD_ACCOUNT_NOCODE_ACCESS,geth,0.021737092624309326,0.001,0.0210686120184339,0.022392387916832852,test_account_access,CALL,target_coef,presets[cold_account_nocode_access],0.0,0.9816984770671814,0.9814544567614105,AccountMode.NON_EXISTING_ACCOUNT,,CALL,2173.7092624309325,2174,False,False,test_account_access,CALL,target_coef
COLD_ACCOUNT_NOCODE_ACCESS,geth,0.011570676311802908,0.001,0.01107795613143202,0.012037357615082001,test_account_access,CALLCODE,target_coef,presets[cold_account_nocode_access],0.0,0.9738708755399306,0.9735224872137963,AccountMode.EXISTING_EOA,,CALLCODE,1157.0676311802908,1158,False,False,test_account_access,CALLCODE,target_coef
COLD_ACCOUNT_NOCODE_ACCESS,geth,0.02190167740861933,0.001,0.02116732722214429,0.022663746878092646,test_account_access,CALLCODE,target_coef,presets[cold_account_nocode_access],0.0,0.9798557095144206,0.9795834893727235,AccountMode.NON_EXISTING_ACCOUNT,,CALLCODE,2190.167740861933,2191,False,False,test_account_access,CALLCODE,target_coef
COLD_ACCOUNT_NOCODE_ACCESS,geth,0.011289146768084277,0.001,0.010789402154290124,0.011782245984953598,test_account_access,DELEGATECALL,target_coef,presets[cold_account_nocode_access],0.0,0.9672995624796341,0.9668635566460292,AccountMode.EXISTING_EOA,,DELEGATECALL,1128.9146768084277,1129,False,False,test_account_access,DELEGATECALL,target_coef
COLD_ACCOUNT_NOCODE_ACCESS,geth,0.022125245785483517,0.001,0.021274973982963383,0.02299001039945631,test_account_access,DELEGATECALL,target_coef,presets[cold_account_nocode_access],0.0,0.9718908670973317,0.9715004624736836,AccountMode.NON_EXISTING_ACCOUNT,,DELEGATECALL,2212.5245785483517,2213,False,True,test_account_access,DELEGATECALL,target_coef
COLD_ACCOUNT_NOCODE_ACCESS,geth,0.011805101499595372,0.001,0.011374759186263204,0.012230434564002178,test_account_access,EXTCODECOPY,target_coef,presets[cold_account_nocode_access],0.0,0.9719528836099566,0.9715686765361203,AccountMode.EXISTING_EOA,,EXTCODECOPY,1180.510149959537,1181,False,False,test_account_access,EXTCODECOPY,target_coef
COLD_ACCOUNT_NOCODE_ACCESS,geth,0.021857998003507045,0.001,0.021096203241187956,0.022658394711921836,test_account_access,EXTCODECOPY,target_coef,presets[cold_account_nocode_access],0.0,0.9762618830277647,0.9759410976632751,AccountMode.NON_EXISTING_ACCOUNT,,EXTCODECOPY,2185.7998003507046,2186,False,False,test_account_access,EXTCODECOPY,target_coef
COLD_ACCOUNT_NOCODE_ACCESS,geth,0.011319386065846416,0.001,0.010899285657217329,0.011762918238626418,test_account_access,EXTCODEHASH,target_coef,presets[cold_account_nocode_access],0.0,0.9686136548999608,0.9681837049670835,AccountMode.EXISTING_EOA,,EXTCODEHASH,1131.9386065846415,1132,False,False,test_account_access,EXTCODEHASH,target_coef
COLD_ACCOUNT_NOCODE_ACCESS,geth,0.020590392865813056,0.001,0.019749768119049597,0.021506795779617886,test_account_access,EXTCODEHASH,target_coef,presets[cold_account_nocode_access],0.0,0.9723032345189732,0.9719289539043647,AccountMode.NON_EXISTING_ACCOUNT,,EXTCODEHASH,2059.0392865813055,2060,False,False,test_account_access,EXTCODEHASH,target_coef
COLD_ACCOUNT_NOCODE_ACCESS,geth,0.01133086517995085,0.001,0.010793184880290005,0.011839672542172584,test_account_access,EXTCODESIZE,target_coef,presets[cold_account_nocode_access],0.0,0.9698680038485749,0.9694662438998892,AccountMode.EXISTING_EOA,,EXTCODESIZE,1133.0865179950852,1134,False,False,test_account_access,EXTCODESIZE,target_coef
COLD_ACCOUNT_NOCODE_ACCESS,geth,0.02143439701138692,0.001,0.02054246207602185,0.022336363612592555,test_account_access,EXTCODESIZE,target_coef,presets[cold_account_nocode_access],0.0,0.9743881157443312,0.9740323951296691,AccountMode.NON_EXISTING_ACCOUNT,,EXTCODESIZE,2143.439701138692,2144,False,False,test_account_access,EXTCODESIZE,target_coef
COLD_ACCOUNT_NOCODE_ACCESS,geth,0.01116831215348305,0.001,0.010721646615758747,0.011605184687032786,test_account_access,STATICCALL,target_coef,presets[cold_account_nocode_access],0.0,0.9730991560617722,0.9727356311436881,AccountMode.EXISTING_EOA,,STATICCALL,1116.831215348305,1117,False,False,test_account_access,STATICCALL,target_coef
COLD_ACCOUNT_NOCODE_ACCESS,geth,0.02210538940284493,0.001,0.021313299152162492,0.022813437551972383,test_account_access,STATICCALL,target_coef,presets[cold_account_nocode_access],0.0,0.9810099737898185,0.9807567734403494,AccountMode.NON_EXISTING_ACCOUNT,,STATICCALL,2210.538940284493,2211,False,False,test_account_access,STATICCALL,target_coef
COLD_ACCOUNT_NOCODE_ACCESS,nethermind,0.0033222835052866095,0.001,0.0026919137302640834,0.004079169969633478,test_account_access,BALANCE,target_coef,presets[cold_account_nocode_access],6.2605826278301164e-06,0.8917680018415107,0.8797422242683453,AccountMode.EXISTING_EOA,,BALANCE,332.22835052866094,333,False,False,test_account_access,BALANCE,target_coef
COLD_ACCOUNT_NOCODE_ACCESS,nethermind,0.002815518846678823,0.001,0.00240498256119396,0.0034895678698917266,test_account_access,BALANCE,target_coef,presets[cold_account_nocode_access],6.2605826278301164e-06,0.9136584837155244,0.9040649819061382,AccountMode.NON_EXISTING_ACCOUNT,,BALANCE,281.5518846678823,282,False,False,test_account_access,BALANCE,target_coef
COLD_ACCOUNT_NOCODE_ACCESS,nethermind,0.003923055033112079,0.001,0.0032563950068137237,0.004425708196949461,test_account_access,CALL,target_coef,presets[cold_account_nocode_access],3.0338068543754053e-05,0.952799409278757,0.9475548991986188,AccountMode.EXISTING_EOA,,CALL,392.30550331120793,393,False,True,test_account_access,CALL,target_coef
COLD_ACCOUNT_NOCODE_ACCESS,nethermind,0.003737385540178426,0.001,0.0031532065125042985,0.004420812355584922,test_account_access,CALL,target_coef,presets[cold_account_nocode_access],3.0338068543754053e-05,0.9573483869340107,0.9526093188155674,AccountMode.NON_EXISTING_ACCOUNT,,CALL,373.7385540178426,374,False,False,test_account_access,CALL,target_coef
COLD_ACCOUNT_NOCODE_ACCESS,nethermind,0.0030697168648886326,0.001,0.0024667442528574076,0.003739985799700753,test_account_access,CALLCODE,target_coef,presets[cold_account_nocode_access],3.0338068543754053e-05,0.9122259866277127,0.9024733184752364,AccountMode.EXISTING_EOA,,CALLCODE,306.97168648886327,307,False,False,test_account_access,CALLCODE,target_coef
COLD_ACCOUNT_NOCODE_ACCESS,nethermind,0.002981414156555097,0.001,0.0022369847281309106,0.003566286708318898,test_account_access,CALLCODE,target_coef,presets[cold_account_nocode_access],3.0338068543754053e-05,0.9209512239129211,0.9121680265699122,AccountMode.NON_EXISTING_ACCOUNT,,CALLCODE,298.14141565550966,299,False,False,test_account_access,CALLCODE,target_coef
COLD_ACCOUNT_NOCODE_ACCESS,nethermind,0.0031454609759783564,0.001,0.0023074144857768,0.00390690366191966,test_account_access,DELEGATECALL,target_coef,presets[cold_account_nocode_access],1.5169034271877027e-05,0.8878881198827077,0.8754312443141197,AccountMode.EXISTING_EOA,,DELEGATECALL,314.5460975978356,315,False,False,test_account_access,DELEGATECALL,target_coef
COLD_ACCOUNT_NOCODE_ACCESS,nethermind,0.0033160416601458317,0.001,0.002772502254537791,0.003873610526938476,test_account_access,DELEGATECALL,target_coef,presets[cold_account_nocode_access],1.5169034271877027e-05,0.9005368708395838,0.889485412043982,AccountMode.NON_EXISTING_ACCOUNT,,DELEGATECALL,331.6041660145832,332,False,False,test_account_access,DELEGATECALL,target_coef
COLD_ACCOUNT_NOCODE_ACCESS,nethermind,0.003050510303537708,0.001,0.002493614317243276,0.0037498854607313377,test_account_access,EXTCODECOPY,target_coef,presets[cold_account_nocode_access],6.2605826278301164e-06,0.9110495781257614,0.9011661979175126,AccountMode.EXISTING_EOA,,EXTCODECOPY,305.05103035377084,306,False,False,test_account_access,EXTCODECOPY,target_coef
COLD_ACCOUNT_NOCODE_ACCESS,nethermind,0.002679117648545475,0.001,0.002109081223045137,0.0031691804594068526,test_account_access,EXTCODECOPY,target_coef,presets[cold_account_nocode_access],6.2605826278301164e-06,0.920028361573157,0.9111426239701745,AccountMode.NON_EXISTING_ACCOUNT,,EXTCODECOPY,267.9117648545475,268,False,False,test_account_access,EXTCODECOPY,target_coef
COLD_ACCOUNT_NOCODE_ACCESS,nethermind,0.003189860722820839,0.001,0.0024116592774532696,0.0038454540724653864,test_account_access,EXTCODEHASH,target_coef,presets[cold_account_nocode_access],6.2605826278301164e-06,0.9213411947164443,0.9126013274627158,AccountMode.EXISTING_EOA,,EXTCODEHASH,318.9860722820839,319,False,False,test_account_access,EXTCODEHASH,target_coef
COLD_ACCOUNT_NOCODE_ACCESS,nethermind,0.0032352993678670047,0.001,0.002946038801006841,0.0038279465634125332,test_account_access,EXTCODEHASH,target_coef,presets[cold_account_nocode_access],6.2605826278301164e-06,0.9676549308427259,0.9640610342696955,AccountMode.NON_EXISTING_ACCOUNT,,EXTCODEHASH,323.52993678670043,324,False,False,test_account_access,EXTCODEHASH,target_coef
COLD_ACCOUNT_NOCODE_ACCESS,nethermind,0.0032040321769286,0.001,0.0025545366587640945,0.00403656019386491,test_account_access,EXTCODESIZE,target_coef,presets[cold_account_nocode_access],6.2605826278301164e-06,0.9069234704922047,0.8965816338802274,AccountMode.EXISTING_EOA,,EXTCODESIZE,320.40321769286,321,False,False,test_account_access,EXTCODESIZE,target_coef
COLD_ACCOUNT_NOCODE_ACCESS,nethermind,0.003363740082095627,0.001,0.002580124089998959,0.004195885875945007,test_account_access,EXTCODESIZE,target_coef,presets[cold_account_nocode_access],6.2605826278301164e-06,0.8952306309037896,0.8835895898930995,AccountMode.NON_EXISTING_ACCOUNT,,EXTCODESIZE,336.3740082095627,337,False,False,test_account_access,EXTCODESIZE,target_coef
COLD_ACCOUNT_NOCODE_ACCESS,nethermind,0.0037021310996649074,0.001,0.0030753972862154985,0.004092922162220108,test_account_access,STATICCALL,target_coef,presets[cold_account_nocode_access],1.5169034271877027e-05,0.9601771484261665,0.9557523871401851,AccountMode.EXISTING_EOA,,STATICCALL,370.2131099664908,371,False,False,test_account_access,STATICCALL,target_coef
COLD_ACCOUNT_NOCODE_ACCESS,nethermind,0.003775366770466715,0.001,0.0033561610824013074,0.004122353393299782,test_account_access,STATICCALL,target_coef,presets[cold_account_nocode_access],1.5169034271877027e-05,0.9792202463193699,0.9769113847992998,AccountMode.NON_EXISTING_ACCOUNT,,STATICCALL,377.53667704667146,378,False,False,test_account_access,STATICCALL,target_coef
COLD_ACCOUNT_NOCODE_ACCESS,reth,0.001128109402199834,0.001,0.0010496216634274212,0.0012033955868027645,test_account_access,BALANCE,target_coef,presets[cold_account_nocode_access],0.0,0.9178341868643642,0.9168787704325545,AccountMode.EXISTING_EOA,,BALANCE,112.8109402199834,113,False,False,test_account_access,BALANCE,target_coef
COLD_ACCOUNT_NOCODE_ACCESS,reth,0.0009498194554683457,0.001,0.0008972261112197282,0.0010053462247317467,test_account_access,BALANCE,target_coef,presets[cold_account_nocode_access],0.0,0.9196176748903095,0.9186829966913597,AccountMode.NON_EXISTING_ACCOUNT,,BALANCE,94.98194554683457,95,False,False,test_account_access,BALANCE,target_coef
COLD_ACCOUNT_NOCODE_ACCESS,reth,0.0016205196032739104,0.001,0.0015428001946674464,0.0017053608849367655,test_account_access,CALL,target_coef,presets[cold_account_nocode_access],0.0,0.9428443648612161,0.9421797644526256,AccountMode.EXISTING_EOA,,CALL,162.05196032739104,163,False,True,test_account_access,CALL,target_coef
COLD_ACCOUNT_NOCODE_ACCESS,reth,0.0010831871422271853,0.001,0.0010257413704870548,0.0011359293701210802,test_account_access,CALL,target_coef,presets[cold_account_nocode_access],0.0,0.9344783975000832,0.933716518401247,AccountMode.NON_EXISTING_ACCOUNT,,CALL,108.31871422271853,109,False,False,test_account_access,CALL,target_coef
COLD_ACCOUNT_NOCODE_ACCESS,reth,0.001172559925988515,0.001,0.0011143499463423451,0.0012257344622605144,test_account_access,CALLCODE,target_coef,presets[cold_account_nocode_access],0.0,0.9476655914993029,0.9470570518655739,AccountMode.EXISTING_EOA,,CALLCODE,117.25599259885149,118,False,False,test_account_access,CALLCODE,target_coef
COLD_ACCOUNT_NOCODE_ACCESS,reth,0.0009309674440568486,0.001,0.0008755519207086182,0.000989647338751518,test_account_access,CALLCODE,target_coef,presets[cold_account_nocode_access],0.0,0.9228384074551262,0.921941179634837,AccountMode.NON_EXISTING_ACCOUNT,,CALLCODE,93.09674440568486,94,False,False,test_account_access,CALLCODE,target_coef
COLD_ACCOUNT_NOCODE_ACCESS,reth,0.0011900049958631497,0.001,0.0011066584567552683,0.001269553600877134,test_account_access,DELEGATECALL,target_coef,presets[cold_account_nocode_access],0.0,0.9149018895826735,0.9139123766708441,AccountMode.EXISTING_EOA,,DELEGATECALL,119.00049958631497,120,False,False,test_account_access,DELEGATECALL,target_coef
COLD_ACCOUNT_NOCODE_ACCESS,reth,0.0009722267149075478,0.001,0.0009113828462293755,0.0010279220224145556,test_account_access,DELEGATECALL,target_coef,presets[cold_account_nocode_access],0.0,0.9331170116432402,0.9323393024763011,AccountMode.NON_EXISTING_ACCOUNT,,DELEGATECALL,97.22267149075479,98,False,False,test_account_access,DELEGATECALL,target_coef
COLD_ACCOUNT_NOCODE_ACCESS,reth,0.001157361335748911,0.001,0.0010808500294118225,0.001238933631377069,test_account_access,EXTCODECOPY,target_coef,presets[cold_account_nocode_access],0.0,0.9176809122581853,0.916723713563513,AccountMode.EXISTING_EOA,,EXTCODECOPY,115.73613357489111,116,False,False,test_account_access,EXTCODECOPY,target_coef
COLD_ACCOUNT_NOCODE_ACCESS,reth,0.0009426533759044529,0.001,0.0008799762523847437,0.0010097503952308056,test_account_access,EXTCODECOPY,target_coef,presets[cold_account_nocode_access],0.0,0.8961548103374771,0.894947308132099,AccountMode.NON_EXISTING_ACCOUNT,,EXTCODECOPY,94.26533759044528,95,False,False,test_account_access,EXTCODECOPY,target_coef
COLD_ACCOUNT_NOCODE_ACCESS,reth,0.0011487626639163308,0.001,0.0010818050414837246,0.0012265342915566742,test_account_access,EXTCODEHASH,target_coef,presets[cold_account_nocode_access],0.0,0.9097984498779897,0.908749594644013,AccountMode.EXISTING_EOA,,EXTCODEHASH,114.87626639163308,115,False,False,test_account_access,EXTCODEHASH,target_coef
COLD_ACCOUNT_NOCODE_ACCESS,reth,0.0009216778007981645,0.001,0.0008495761766890263,0.0009996492881920106,test_account_access,EXTCODEHASH,target_coef,presets[cold_account_nocode_access],0.0,0.8940296952020217,0.8927974823555336,AccountMode.NON_EXISTING_ACCOUNT,,EXTCODEHASH,92.16778007981645,93,False,False,test_account_access,EXTCODEHASH,target_coef
COLD_ACCOUNT_NOCODE_ACCESS,reth,0.0012153227353209437,0.001,0.0011533108258038798,0.0012781097034056587,test_account_access,EXTCODESIZE,target_coef,presets[cold_account_nocode_access],0.0,0.9408374814711834,0.9401495452092204,AccountMode.EXISTING_EOA,,EXTCODESIZE,121.53227353209438,122,False,False,test_account_access,EXTCODESIZE,target_coef
COLD_ACCOUNT_NOCODE_ACCESS,reth,0.0009106045299611933,0.001,0.0008461870123584119,0.0009797226330370116,test_account_access,EXTCODESIZE,target_coef,presets[cold_account_nocode_access],0.0,0.901392169565015,0.9002455668855385,AccountMode.NON_EXISTING_ACCOUNT,,EXTCODESIZE,91.06045299611934,92,False,False,test_account_access,EXTCODESIZE,target_coef
COLD_ACCOUNT_NOCODE_ACCESS,reth,0.0015590276087806218,0.001,0.0014783031385513176,0.0016424166083078592,test_account_access,STATICCALL,target_coef,presets[cold_account_nocode_access],0.0,0.9310703329705622,0.9302688252144059,AccountMode.EXISTING_EOA,,STATICCALL,155.90276087806217,156,False,False,test_account_access,STATICCALL,target_coef
COLD_ACCOUNT_NOCODE_ACCESS,reth,0.0010944276731986635,0.001,0.001030990702521827,0.0011584270661121785,test_account_access,STATICCALL,target_coef,presets[cold_account_nocode_access],0.0,0.9350262658864532,0.9342707573502492,AccountMode.NON_EXISTING_ACCOUNT,,STATICCALL,109.44276731986635,110,False,False,test_account_access,STATICCALL,target_coef
COLD_ACCOUNT_NOCODE_WRITE,besu,0.07687199243399805,0.001,0.07349177766191196,0.0806806338747998,test_account_access,CALL,target_coef,presets[cold_account_nocode_write],0.0019263723520437106,0.9814160351971705,0.9809735598447221,AccountMode.EXISTING_EOA,,CALL,7687.199243399805,7688,False,False,test_account_access,CALL,target_coef
COLD_ACCOUNT_NOCODE_WRITE,besu,0.14998042778396745,0.001,0.13920527585607134,0.16123290867818355,test_account_access,CALL,target_coef,presets[cold_account_nocode_write],0.0019264327010078681,0.9435388742729419,0.942194561755631,AccountMode.NON_EXISTING_ACCOUNT,,CALL,14998.042778396744,14999,False,True,test_account_access,CALL,target_coef
COLD_ACCOUNT_NOCODE_WRITE,besu,0.02233930371280612,0.001,0.02071329773599826,0.02377973053613331,test_account_access,CALLCODE,target_coef,presets[cold_account_nocode_write],0.0019263723520437106,0.9601681996489051,0.9592198234500695,AccountMode.EXISTING_EOA,,CALLCODE,2233.930371280612,2234,False,False,test_account_access,CALLCODE,target_coef
COLD_ACCOUNT_NOCODE_WRITE,besu,0.014880858051397673,0.001,0.013836502090388307,0.01593131812292022,test_account_access,CALLCODE,target_coef,presets[cold_account_nocode_write],0.0019263723520437106,0.9587477960424589,0.9577656007101365,AccountMode.NON_EXISTING_ACCOUNT,,CALLCODE,1488.0858051397672,1489,False,False,test_account_access,CALLCODE,target_coef
COLD_ACCOUNT_NOCODE_WRITE,geth,0.06464821447475948,0.001,0.06199172085057953,0.06725728989286196,test_account_access,CALL,target_coef,presets[cold_account_nocode_write],0.0,0.9764905002609601,0.9761728043185406,AccountMode.EXISTING_EOA,,CALL,6464.821447475947,6465,False,False,test_account_access,CALL,target_coef
COLD_ACCOUNT_NOCODE_WRITE,geth,0.12284787995253224,0.001,0.10751437697684087,0.1390743597080292,test_account_access,CALL,target_coef,presets[cold_account_nocode_write],0.0,0.7568785352862747,0.7536369157567584,AccountMode.NON_EXISTING_ACCOUNT,,CALL,12284.787995253224,12285,False,True,test_account_access,CALL,target_coef
COLD_ACCOUNT_NOCODE_WRITE,geth,0.017546392001857567,0.001,0.01644388788799064,0.018646073767296267,test_account_access,CALLCODE,target_coef,presets[cold_account_nocode_write],0.0,0.9304577836894831,0.9295180240096113,AccountMode.EXISTING_EOA,,CALLCODE,1754.6392001857566,1755,False,False,test_account_access,CALLCODE,target_coef
COLD_ACCOUNT_NOCODE_WRITE,geth,0.03101851144185742,0.001,0.029535229623762135,0.0324054133875104,test_account_access,CALLCODE,target_coef,presets[cold_account_nocode_write],0.0,0.9543903016525483,0.953765511264227,AccountMode.NON_EXISTING_ACCOUNT,,CALLCODE,3101.8511441857418,3102,False,False,test_account_access,CALLCODE,target_coef
COLD_ACCOUNT_NOCODE_WRITE,nethermind,0.03283217352177745,0.001,0.027501948120864705,0.03616170290919172,test_account_access,CALL,target_coef,presets[cold_account_nocode_write],3.0338068543754053e-05,0.9734073808049595,0.9704526453388439,AccountMode.EXISTING_EOA,,CALL,3283.217352177745,3284,False,False,test_account_access,CALL,target_coef
COLD_ACCOUNT_NOCODE_WRITE,nethermind,0.08769999659498728,0.001,0.07893139506526554,0.09741394896912206,test_account_access,CALL,target_coef,presets[cold_account_nocode_write],3.0338068543754053e-05,0.9842263149580965,0.982473683286774,AccountMode.NON_EXISTING_ACCOUNT,,CALL,8769.99965949873,8770,False,True,test_account_access,CALL,target_coef
COLD_ACCOUNT_NOCODE_WRITE,nethermind,0.005374609965244594,0.001,0.004309393247824328,0.006466125640916878,test_account_access,CALLCODE,target_coef,presets[cold_account_nocode_write],3.0338068543754053e-05,0.9202569260383904,0.9113965844871004,AccountMode.EXISTING_EOA,,CALLCODE,537.4609965244595,538,False,False,test_account_access,CALLCODE,target_coef
COLD_ACCOUNT_NOCODE_WRITE,nethermind,0.005376221842585283,0.001,0.004230677710390925,0.0061945813229823884,test_account_access,CALLCODE,target_coef,presets[cold_account_nocode_write],3.0338068543754053e-05,0.9337966048131265,0.926440672014585,AccountMode.NON_EXISTING_ACCOUNT,,CALLCODE,537.6221842585283,538,False,False,test_account_access,CALLCODE,target_coef
COLD_ACCOUNT_NOCODE_WRITE,reth,0.028834930898046417,0.001,0.02837341990386622,0.02932825118870272,test_account_access,CALL,target_coef,presets[cold_account_nocode_write],0.0,0.9937413569406848,0.9936685820213904,AccountMode.EXISTING_EOA,,CALL,2883.4930898046414,2884,False,False,test_account_access,CALL,target_coef
COLD_ACCOUNT_NOCODE_WRITE,reth,0.04432842192204243,0.001,0.04063639536318405,0.04821785217222942,test_account_access,CALL,target_coef,presets[cold_account_nocode_write],0.0,0.8534794439688835,0.8517757165731729,AccountMode.NON_EXISTING_ACCOUNT,,CALL,4432.842192204243,4433,False,True,test_account_access,CALL,target_coef
COLD_ACCOUNT_NOCODE_WRITE,reth,0.002041916230216037,0.001,0.0018929194736486794,0.0022025533388637442,test_account_access,CALLCODE,target_coef,presets[cold_account_nocode_write],0.0,0.8464462560387329,0.8446607473880205,AccountMode.EXISTING_EOA,,CALLCODE,204.1916230216037,205,False,False,test_account_access,CALLCODE,target_coef
COLD_ACCOUNT_NOCODE_WRITE,reth,0.0016977227342312897,0.001,0.0014791989334450644,0.0019374622736687008,test_account_access,CALLCODE,target_coef,presets[cold_account_nocode_write],0.0,0.6344532257511852,0.6302026818645712,AccountMode.NON_EXISTING_ACCOUNT,,CALLCODE,169.77227342312898,170,False,False,test_account_access,CALLCODE,target_coef
COLD_ACCOUNT_CODE_ACCESS,besu,0.01858286961057463,0.001,0.017887397864929135,0.019294059297436758,test_account_access,BALANCE,target_coef,presets[cold_account_code_access],1.7973153334200854e-07,0.981520937552539,0.9810809598752185,AccountMode.EXISTING_CONTRACT_DIFF_MAX,,BALANCE,1858.2869610574633,1859,False,False,test_account_access,BALANCE,target_coef
COLD_ACCOUNT_CODE_ACCESS,besu,0.011721541781642447,0.001,0.010964539200215801,0.012444136190299266,test_account_access,BALANCE,target_coef,presets[cold_account_code_access],1.7973153334200854e-07,0.9621587791280977,0.9612577976787666,AccountMode.EXISTING_CONTRACT_MINIMAL,,BALANCE,1172.1541781642447,1173,False,False,test_account_access,BALANCE,target_coef
COLD_ACCOUNT_CODE_ACCESS,besu,0.011020020172980921,0.001,0.01026535601228519,0.011760238672390264,test_account_access,BALANCE,target_coef,presets[cold_account_code_access],1.7973153334200854e-07,0.95908165295983,0.9581074066017308,AccountMode.EXISTING_CONTRACT_SAME_MAX,,BALANCE,1102.0020172980921,1103,False,False,test_account_access,BALANCE,target_coef
COLD_ACCOUNT_CODE_ACCESS,besu,0.02194109109690125,0.001,0.021109062034863728,0.022717185590509188,test_account_access,CALL,target_coef,presets[cold_account_code_access],0.0008763449399686802,0.9831681582846058,0.9827674001485249,AccountMode.EXISTING_CONTRACT_DIFF_MAX,,CALL,2194.109109690125,2195,False,False,test_account_access,CALL,target_coef
COLD_ACCOUNT_CODE_ACCESS,besu,0.013859357418062816,0.001,0.013231654921644732,0.01446216998027494,test_account_access,CALL,target_coef,presets[cold_account_code_access],0.0008763449399686802,0.9850977843016075,0.984742969642122,AccountMode.EXISTING_CONTRACT_MINIMAL,,CALL,1385.9357418062818,1386,False,False,test_account_access,CALL,target_coef
COLD_ACCOUNT_CODE_ACCESS,besu,0.012781822621107016,0.001,0.012010719599094256,0.013543737801348946,test_account_access,CALL,target_coef,presets[cold_account_code_access],0.0008763449399686802,0.9737776122109161,0.9731532696445093,AccountMode.EXISTING_CONTRACT_SAME_MAX,,CALL,1278.1822621107017,1279,False,False,test_account_access,CALL,target_coef
COLD_ACCOUNT_CODE_ACCESS,besu,0.02152624658790819,0.001,0.020767553773533596,0.022384957029898563,test_account_access,CALLCODE,target_coef,presets[cold_account_code_access],0.0008763449399686802,0.9825692405594688,0.9821542224775514,AccountMode.EXISTING_CONTRACT_DIFF_MAX,,CALLCODE,2152.624658790819,2153,False,False,test_account_access,CALLCODE,target_coef
COLD_ACCOUNT_CODE_ACCESS,besu,0.012965900609795382,0.001,0.012289350530590193,0.013570360579131422,test_account_access,CALLCODE,target_coef,presets[cold_account_code_access],0.0008763449399686802,0.9790247135174631,0.9785253019345456,AccountMode.EXISTING_CONTRACT_MINIMAL,,CALLCODE,1296.590060979538,1297,False,False,test_account_access,CALLCODE,target_coef
COLD_ACCOUNT_CODE_ACCESS,besu,0.011643656180543248,0.001,0.011024679529615661,0.012291687324193395,test_account_access,CALLCODE,target_coef,presets[cold_account_code_access],0.0008763449399686802,0.9721358774668578,0.9714724459779734,AccountMode.EXISTING_CONTRACT_SAME_MAX,,CALLCODE,1164.3656180543248,1165,False,False,test_account_access,CALLCODE,target_coef
COLD_ACCOUNT_CODE_ACCESS,besu,0.02206734814131607,0.001,0.021315662386428152,0.022754991702105036,test_account_access,DELEGATECALL,target_coef,presets[cold_account_code_access],0.00035033569492912717,0.9841009919203069,0.9837224441088857,AccountMode.EXISTING_CONTRACT_DIFF_MAX,,DELEGATECALL,2206.734814131607,2207,False,False,test_account_access,DELEGATECALL,target_coef
COLD_ACCOUNT_CODE_ACCESS,besu,0.013497001317140558,0.001,0.012831860987338784,0.014176849727527982,test_account_access,DELEGATECALL,target_coef,presets[cold_account_code_access],0.00035033569492912717,0.9860582272742489,0.9857262803045881,AccountMode.EXISTING_CONTRACT_MINIMAL,,DELEGATECALL,1349.7001317140557,1350,False,False,test_account_access,DELEGATECALL,target_coef
COLD_ACCOUNT_CODE_ACCESS,besu,0.012014706353815614,0.001,0.011167546255705768,0.012730753983701014,test_account_access,DELEGATECALL,target_coef,presets[cold_account_code_access],0.00035033569492912717,0.9686770484786364,0.967931263918604,AccountMode.EXISTING_CONTRACT_SAME_MAX,,DELEGATECALL,1201.4706353815616,1202,False,False,test_account_access,DELEGATECALL,target_coef
COLD_ACCOUNT_CODE_ACCESS,besu,0.019637785983579206,0.001,0.01875389240864927,0.02044675067495384,test_account_access,EXTCODECOPY,target_coef,presets[cold_account_code_access],0.0002628426522418084,0.9821510258108626,0.9817260502349308,AccountMode.EXISTING_CONTRACT_DIFF_MAX,,EXTCODECOPY,1963.7785983579206,1964,False,False,test_account_access,EXTCODECOPY,target_coef
COLD_ACCOUNT_CODE_ACCESS,besu,0.012148868961546638,0.001,0.01151752530423122,0.012897547880141453,test_account_access,EXTCODECOPY,target_coef,presets[cold_account_code_access],0.0002628426522418084,0.9673825248677448,0.9666059183169768,AccountMode.EXISTING_CONTRACT_MINIMAL,,EXTCODECOPY,1214.8868961546636,1215,False,False,test_account_access,EXTCODECOPY,target_coef
COLD_ACCOUNT_CODE_ACCESS,besu,0.01040382393023619,0.001,0.009682864711452074,0.011101575115357002,test_account_access,EXTCODECOPY,target_coef,presets[cold_account_code_access],0.0002628426522418084,0.9575272522968497,0.9565159963991556,AccountMode.EXISTING_CONTRACT_SAME_MAX,,EXTCODECOPY,1040.382393023619,1041,False,False,test_account_access,EXTCODECOPY,target_coef
COLD_ACCOUNT_CODE_ACCESS,besu,0.019598108873717192,0.001,0.018941161992818003,0.020315646166420964,test_account_access,EXTCODEHASH,target_coef,presets[cold_account_code_access],1.7973153334200854e-07,0.985526039746068,0.985181421644784,AccountMode.EXISTING_CONTRACT_DIFF_MAX,,EXTCODEHASH,1959.8108873717192,1960,False,False,test_account_access,EXTCODEHASH,target_coef
COLD_ACCOUNT_CODE_ACCESS,besu,0.011794399687009675,0.001,0.011052289597002747,0.012538124477488723,test_account_access,EXTCODEHASH,target_coef,presets[cold_account_code_access],1.7973153334200854e-07,0.9678836984492142,0.9671190246027669,AccountMode.EXISTING_CONTRACT_MINIMAL,,EXTCODEHASH,1179.4399687009675,1180,False,False,test_account_access,EXTCODEHASH,target_coef
COLD_ACCOUNT_CODE_ACCESS,besu,0.010374921275420456,0.001,0.00964849931108431,0.011082322809941822,test_account_access,EXTCODEHASH,target_coef,presets[cold_account_code_access],1.7973153334200854e-07,0.9567346205980649,0.9557044925170665,AccountMode.EXISTING_CONTRACT_SAME_MAX,,EXTCODEHASH,1037.4921275420456,1038,False,False,test_account_access,EXTCODEHASH,target_coef
COLD_ACCOUNT_CODE_ACCESS,besu,0.019477680671954375,0.001,0.01882015549070779,0.020070107558723155,test_account_access,EXTCODESIZE,target_coef,presets[cold_account_code_access],1.8551713081737584e-07,0.9868104537504785,0.9864964169350137,AccountMode.EXISTING_CONTRACT_DIFF_MAX,,EXTCODESIZE,1947.7680671954374,1948,False,False,test_account_access,EXTCODESIZE,target_coef
COLD_ACCOUNT_CODE_ACCESS,besu,0.012238552962893338,0.001,0.011646386823465592,0.012838372821377949,test_account_access,EXTCODESIZE,target_coef,presets[cold_account_code_access],1.8551713081737584e-07,0.9756171254587223,0.9750365808267871,AccountMode.EXISTING_CONTRACT_MINIMAL,,EXTCODESIZE,1223.8552962893339,1224,False,False,test_account_access,EXTCODESIZE,target_coef
COLD_ACCOUNT_CODE_ACCESS,besu,0.010411135288036704,0.001,0.009715496063263994,0.011153325933620999,test_account_access,EXTCODESIZE,target_coef,presets[cold_account_code_access],1.8551713081737584e-07,0.9573864431408442,0.9563718346441976,AccountMode.EXISTING_CONTRACT_SAME_MAX,,EXTCODESIZE,1041.1135288036705,1042,False,False,test_account_access,EXTCODESIZE,target_coef
COLD_ACCOUNT_CODE_ACCESS,besu,0.022469983639217983,0.001,0.02167110786941641,0.023247185786329352,test_account_access,STATICCALL,target_coef,presets[cold_account_code_access],0.00035033569492912717,0.9817430494775431,0.9813083601793894,AccountMode.EXISTING_CONTRACT_DIFF_MAX,,STATICCALL,2246.9983639217985,2247,False,True,test_account_access,STATICCALL,target_coef
COLD_ACCOUNT_CODE_ACCESS,besu,0.014901722732869561,0.001,0.014388235900752225,0.015552648907794451,test_account_access,STATICCALL,target_coef,presets[cold_account_code_access],0.00035033569492912717,0.9869800075931158,0.9866700077739042,AccountMode.EXISTING_CONTRACT_MINIMAL,,STATICCALL,1490.1722732869562,1491,False,False,test_account_access,STATICCALL,target_coef
COLD_ACCOUNT_CODE_ACCESS,besu,0.012677173749789107,0.001,0.011978315946193042,0.013268726869534883,test_account_access,STATICCALL,target_coef,presets[cold_account_code_access],0.00035033569492912717,0.973952960076742,0.9733327924595216,AccountMode.EXISTING_CONTRACT_SAME_MAX,,STATICCALL,1267.7173749789106,1268,False,False,test_account_access,STATICCALL,target_coef
COLD_ACCOUNT_CODE_ACCESS,geth,0.00386112805837565,0.001,0.003801695221660766,0.003922965178091704,test_account_access,BALANCE,target_coef,presets[cold_account_code_access],0.0,0.9584336898445482,0.957856379981278,AccountMode.EXISTING_CONTRACT_DIFF_MAX,,BALANCE,386.11280583756496,387,False,False,test_account_access,BALANCE,target_coef
COLD_ACCOUNT_CODE_ACCESS,geth,0.005106789019220814,0.001,0.004870672520793949,0.005334336819510943,test_account_access,BALANCE,target_coef,presets[cold_account_code_access],0.0,0.9611013363919918,0.9605756787756674,AccountMode.EXISTING_CONTRACT_MINIMAL,,BALANCE,510.67890192208137,511,False,False,test_account_access,BALANCE,target_coef
COLD_ACCOUNT_CODE_ACCESS,geth,0.004667335670819603,0.001,0.004414611805062965,0.004924827385912039,test_account_access,BALANCE,target_coef,presets[cold_account_code_access],0.0,0.939599970344694,0.9387725726781829,AccountMode.EXISTING_CONTRACT_SAME_MAX,,BALANCE,466.73356708196025,467,False,False,test_account_access,BALANCE,target_coef
COLD_ACCOUNT_CODE_ACCESS,geth,0.020979249747734022,0.001,0.01948504926619796,0.022580787846858266,test_account_access,CALL,target_coef,presets[cold_account_code_access],0.0,0.9094549231455831,0.9082145796270295,AccountMode.EXISTING_CONTRACT_DIFF_MAX,,CALL,2097.9249747734025,2098,False,False,test_account_access,CALL,target_coef
COLD_ACCOUNT_CODE_ACCESS,geth,0.0053103389088088385,0.001,0.004989134274983007,0.005657059042961173,test_account_access,CALL,target_coef,presets[cold_account_code_access],0.0,0.931004670598206,0.9300847328728488,AccountMode.EXISTING_CONTRACT_MINIMAL,,CALL,531.0338908808839,532,False,False,test_account_access,CALL,target_coef
COLD_ACCOUNT_CODE_ACCESS,geth,0.005187084498236565,0.001,0.004870134640269912,0.005539262469689327,test_account_access,CALL,target_coef,presets[cold_account_code_access],0.0,0.9407506713877059,0.9399606803395419,AccountMode.EXISTING_CONTRACT_SAME_MAX,,CALL,518.7084498236565,519,False,False,test_account_access,CALL,target_coef
COLD_ACCOUNT_CODE_ACCESS,geth,0.021526142523376087,0.001,0.02015854257738199,0.022969126081245152,test_account_access,CALLCODE,target_coef,presets[cold_account_code_access],0.0,0.9322195883547052,0.931303636845985,AccountMode.EXISTING_CONTRACT_DIFF_MAX,,CALLCODE,2152.6142523376084,2153,False,False,test_account_access,CALLCODE,target_coef
COLD_ACCOUNT_CODE_ACCESS,geth,0.005271813958087199,0.001,0.004963724615849635,0.0055981799460599595,test_account_access,CALLCODE,target_coef,presets[cold_account_code_access],0.0,0.9384221578527951,0.9375548643014261,AccountMode.EXISTING_CONTRACT_MINIMAL,,CALLCODE,527.1813958087199,528,False,False,test_account_access,CALLCODE,target_coef
COLD_ACCOUNT_CODE_ACCESS,geth,0.005310071342652327,0.001,0.005015899542594841,0.0056072634815511075,test_account_access,CALLCODE,target_coef,presets[cold_account_code_access],0.0,0.94328519654118,0.942528999161729,AccountMode.EXISTING_CONTRACT_SAME_MAX,,CALLCODE,531.0071342652327,532,False,False,test_account_access,CALLCODE,target_coef
COLD_ACCOUNT_CODE_ACCESS,geth,0.020952021278243287,0.001,0.01928403116588869,0.022631218968933647,test_account_access,DELEGATECALL,target_coef,presets[cold_account_code_access],0.0,0.9006236298925172,0.8992986116244175,AccountMode.EXISTING_CONTRACT_DIFF_MAX,,DELEGATECALL,2095.2021278243287,2096,False,False,test_account_access,DELEGATECALL,target_coef
COLD_ACCOUNT_CODE_ACCESS,geth,0.005376082813333688,0.001,0.005120926499429,0.005642530449156451,test_account_access,DELEGATECALL,target_coef,presets[cold_account_code_access],0.0,0.958836469415756,0.958264753713197,AccountMode.EXISTING_CONTRACT_MINIMAL,,DELEGATECALL,537.6082813333687,538,False,False,test_account_access,DELEGATECALL,target_coef
COLD_ACCOUNT_CODE_ACCESS,geth,0.00531521598510221,0.001,0.005030074538292147,0.00558043420894712,test_account_access,DELEGATECALL,target_coef,presets[cold_account_code_access],0.0,0.9528902118522985,0.9522448722886313,AccountMode.EXISTING_CONTRACT_SAME_MAX,,DELEGATECALL,531.521598510221,532,False,False,test_account_access,DELEGATECALL,target_coef
COLD_ACCOUNT_CODE_ACCESS,geth,0.022099129117371778,0.001,0.020668339066898266,0.02357664192030441,test_account_access,EXTCODECOPY,target_coef,presets[cold_account_code_access],0.0,0.9308624987703266,0.9299406654205976,AccountMode.EXISTING_CONTRACT_DIFF_MAX,,EXTCODECOPY,2209.912911737178,2210,False,True,test_account_access,EXTCODECOPY,target_coef
COLD_ACCOUNT_CODE_ACCESS,geth,0.005353807082442409,0.001,0.004987621521569995,0.005701573717380581,test_account_access,EXTCODECOPY,target_coef,presets[cold_account_code_access],0.0,0.9388335251874305,0.9379956282721897,AccountMode.EXISTING_CONTRACT_MINIMAL,,EXTCODECOPY,535.380708244241,536,False,False,test_account_access,EXTCODECOPY,target_coef
COLD_ACCOUNT_CODE_ACCESS,geth,0.004988592982456195,0.001,0.004735203642256849,0.005241690172189241,test_account_access,EXTCODECOPY,target_coef,presets[cold_account_code_access],0.0,0.9433111881293025,0.9425553373043598,AccountMode.EXISTING_CONTRACT_SAME_MAX,,EXTCODECOPY,498.8592982456195,499,False,False,test_account_access,EXTCODECOPY,target_coef
COLD_ACCOUNT_CODE_ACCESS,geth,0.0037257326932625644,0.001,0.003538139860556155,0.003920091602624184,test_account_access,EXTCODEHASH,target_coef,presets[cold_account_code_access],0.0,0.9551506925783505,0.9545446208564363,AccountMode.EXISTING_CONTRACT_DIFF_MAX,,EXTCODEHASH,372.5732693262564,373,False,False,test_account_access,EXTCODEHASH,target_coef
COLD_ACCOUNT_CODE_ACCESS,geth,0.004948178848773642,0.001,0.004689108970969773,0.005211164947613562,test_account_access,EXTCODEHASH,target_coef,presets[cold_account_code_access],0.0,0.9505306134284708,0.949871021607517,AccountMode.EXISTING_CONTRACT_MINIMAL,,EXTCODEHASH,494.8178848773642,495,False,False,test_account_access,EXTCODEHASH,target_coef
COLD_ACCOUNT_CODE_ACCESS,geth,0.0051624347302732,0.001,0.004885356616390154,0.005457111367823694,test_account_access,EXTCODEHASH,target_coef,presets[cold_account_code_access],0.0,0.9436251998728262,0.9428633782494861,AccountMode.EXISTING_CONTRACT_SAME_MAX,,EXTCODEHASH,516.24347302732,517,False,False,test_account_access,EXTCODEHASH,target_coef
COLD_ACCOUNT_CODE_ACCESS,geth,0.021436554550082716,0.001,0.01994229117681623,0.022924550652311755,test_account_access,EXTCODESIZE,target_coef,presets[cold_account_code_access],0.0,0.9261939875979368,0.9251829463321551,AccountMode.EXISTING_CONTRACT_DIFF_MAX,,EXTCODESIZE,2143.6554550082715,2144,False,False,test_account_access,EXTCODESIZE,target_coef
COLD_ACCOUNT_CODE_ACCESS,geth,0.004939166924871876,0.001,0.00465870701075538,0.005237342316522254,test_account_access,EXTCODESIZE,target_coef,presets[cold_account_code_access],0.0,0.9329412021631687,0.9320350021924007,AccountMode.EXISTING_CONTRACT_MINIMAL,,EXTCODESIZE,493.9166924871876,494,False,False,test_account_access,EXTCODESIZE,target_coef
COLD_ACCOUNT_CODE_ACCESS,geth,0.005117596737808677,0.001,0.004864268766883771,0.005380163001576371,test_account_access,EXTCODESIZE,target_coef,presets[cold_account_code_access],0.0,0.947373404761201,0.9466717168246837,AccountMode.EXISTING_CONTRACT_SAME_MAX,,EXTCODESIZE,511.75967378086773,512,False,False,test_account_access,EXTCODESIZE,target_coef
COLD_ACCOUNT_CODE_ACCESS,geth,0.020966621615181945,0.001,0.01953450712895485,0.022512792939522974,test_account_access,STATICCALL,target_coef,presets[cold_account_code_access],0.0,0.9185232885303454,0.9174071691951446,AccountMode.EXISTING_CONTRACT_DIFF_MAX,,STATICCALL,2096.6621615181944,2097,False,False,test_account_access,STATICCALL,target_coef
COLD_ACCOUNT_CODE_ACCESS,geth,0.005459355530508346,0.001,0.005172576496429028,0.005772596402709337,test_account_access,STATICCALL,target_coef,presets[cold_account_code_access],0.0,0.9466124291415141,0.945900594863401,AccountMode.EXISTING_CONTRACT_MINIMAL,,STATICCALL,545.9355530508346,546,False,False,test_account_access,STATICCALL,target_coef
COLD_ACCOUNT_CODE_ACCESS,geth,0.005256625038067597,0.001,0.005010815520289525,0.005496235193433611,test_account_access,STATICCALL,target_coef,presets[cold_account_code_access],0.0,0.9505743444746888,0.9498972807003695,AccountMode.EXISTING_CONTRACT_SAME_MAX,,STATICCALL,525.6625038067597,526,False,False,test_account_access,STATICCALL,target_coef
COLD_ACCOUNT_CODE_ACCESS,nethermind,0.0020791965682371663,0.001,0.0012892579377908756,0.00267603397287236,test_account_access,BALANCE,target_coef,presets[cold_account_code_access],0.0,0.8110235169314838,0.7900261299238709,AccountMode.EXISTING_CONTRACT_DIFF_MAX,,BALANCE,207.91965682371662,208,False,False,test_account_access,BALANCE,target_coef
COLD_ACCOUNT_CODE_ACCESS,nethermind,0.0022171629958056068,0.001,0.0016084607839036938,0.0028857013541414367,test_account_access,BALANCE,target_coef,presets[cold_account_code_access],0.0,0.7844976501779748,0.7605529446421943,AccountMode.EXISTING_CONTRACT_MINIMAL,,BALANCE,221.71629958056067,222,False,False,test_account_access,BALANCE,target_coef
COLD_ACCOUNT_CODE_ACCESS,nethermind,0.0018159768774608307,0.001,0.0010372294854441091,0.0025981976551237985,test_account_access,BALANCE,target_coef,presets[cold_account_code_access],0.0,0.7093631759336119,0.677070195481791,AccountMode.EXISTING_CONTRACT_SAME_MAX,,BALANCE,181.59768774608307,182,False,False,test_account_access,BALANCE,target_coef
COLD_ACCOUNT_CODE_ACCESS,nethermind,0.016750375791548915,0.001,0.014086267487686018,0.01928408843004144,test_account_access,CALL,target_coef,presets[cold_account_code_access],1.781690328809382e-05,0.9471988680874716,0.9413320756527461,AccountMode.EXISTING_CONTRACT_DIFF_MAX,,CALL,1675.0375791548913,1676,False,True,test_account_access,CALL,target_coef
COLD_ACCOUNT_CODE_ACCESS,nethermind,0.002573182236196326,0.001,0.001660454868125919,0.004025414122106698,test_account_access,CALL,target_coef,presets[cold_account_code_access],1.781690328809382e-05,0.6608726137299143,0.6231917930332382,AccountMode.EXISTING_CONTRACT_MINIMAL,,CALL,257.31822361963265,258,False,False,test_account_access,CALL,target_coef
COLD_ACCOUNT_CODE_ACCESS,nethermind,0.003154997391563701,0.001,0.002198125357736697,0.004093449809033747,test_account_access,CALL,target_coef,presets[cold_account_code_access],1.781690328809382e-05,0.8481957599878402,0.8313286222087114,AccountMode.EXISTING_CONTRACT_SAME_MAX,,CALL,315.4997391563701,316,False,False,test_account_access,CALL,target_coef
COLD_ACCOUNT_CODE_ACCESS,nethermind,0.015794566529700644,0.001,0.013036979769627255,0.018517496783865887,test_account_access,CALLCODE,target_coef,presets[cold_account_code_access],1.781690328809382e-05,0.9281543243697952,0.9201714715219946,AccountMode.EXISTING_CONTRACT_DIFF_MAX,,CALLCODE,1579.4566529700644,1580,False,False,test_account_access,CALLCODE,target_coef
COLD_ACCOUNT_CODE_ACCESS,nethermind,0.002139349631243233,0.008,0.0008892145365741446,0.003529537944853496,test_account_access,CALLCODE,target_coef,presets[cold_account_code_access],1.781690328809382e-05,0.610065984328706,0.5667399825874511,AccountMode.EXISTING_CONTRACT_MINIMAL,,CALLCODE,213.9349631243233,214,False,False,test_account_access,CALLCODE,target_coef
COLD_ACCOUNT_CODE_ACCESS,nethermind,0.0020363498681444867,0.009,0.0006362925427539101,0.0034925614234746125,test_account_access,CALLCODE,target_coef,presets[cold_account_code_access],1.781690328809382e-05,0.4801096096599431,0.4223440107332701,AccountMode.EXISTING_CONTRACT_SAME_MAX,,CALLCODE,203.63498681444867,204,True,False,test_account_access,CALLCODE,target_coef
COLD_ACCOUNT_CODE_ACCESS,nethermind,0.01628430314566629,0.001,0.012472525464929113,0.020310694860585236,test_account_access,DELEGATECALL,target_coef,presets[cold_account_code_access],8.90845164404691e-06,0.8898847016860187,0.8776496685400208,AccountMode.EXISTING_CONTRACT_DIFF_MAX,,DELEGATECALL,1628.4303145666292,1629,False,False,test_account_access,DELEGATECALL,target_coef
COLD_ACCOUNT_CODE_ACCESS,nethermind,0.002659605549384504,0.001,0.0018499897811230653,0.0035790218077504203,test_account_access,DELEGATECALL,target_coef,presets[cold_account_code_access],8.90845164404691e-06,0.8365814448885899,0.8184238276539888,AccountMode.EXISTING_CONTRACT_MINIMAL,,DELEGATECALL,265.9605549384504,266,False,False,test_account_access,DELEGATECALL,target_coef
COLD_ACCOUNT_CODE_ACCESS,nethermind,0.0017332965911248392,0.001,0.0009677593089642841,0.0024961894657979503,test_account_access,DELEGATECALL,target_coef,presets[cold_account_code_access],8.90845164404691e-06,0.7384655361447501,0.7094061512719445,AccountMode.EXISTING_CONTRACT_SAME_MAX,,DELEGATECALL,173.32965911248394,174,False,False,test_account_access,DELEGATECALL,target_coef
COLD_ACCOUNT_CODE_ACCESS,nethermind,0.015787952484297436,0.001,0.012634942327413433,0.019624692858191746,test_account_access,EXTCODECOPY,target_coef,presets[cold_account_code_access],0.0,0.9114926933678804,0.9016585481865338,AccountMode.EXISTING_CONTRACT_DIFF_MAX,,EXTCODECOPY,1578.7952484297437,1579,False,False,test_account_access,EXTCODECOPY,target_coef
COLD_ACCOUNT_CODE_ACCESS,nethermind,0.0019064718125001757,0.001,0.0014933330025539513,0.002424656682028848,test_account_access,EXTCODECOPY,target_coef,presets[cold_account_code_access],0.0,0.7664205139275393,0.7404672376972659,AccountMode.EXISTING_CONTRACT_MINIMAL,,EXTCODECOPY,190.64718125001758,191,False,False,test_account_access,EXTCODECOPY,target_coef
COLD_ACCOUNT_CODE_ACCESS,nethermind,0.0023354363219688684,0.001,0.0016746806741592337,0.0029056236563746052,test_account_access,EXTCODECOPY,target_coef,presets[cold_account_code_access],0.0,0.8738922066865431,0.8598802296517145,AccountMode.EXISTING_CONTRACT_SAME_MAX,,EXTCODECOPY,233.54363219688685,234,False,False,test_account_access,EXTCODECOPY,target_coef
COLD_ACCOUNT_CODE_ACCESS,nethermind,0.0022249131069624153,0.001,0.001140120032024198,0.003330930920532011,test_account_access,EXTCODEHASH,target_coef,presets[cold_account_code_access],0.0,0.5989592806759378,0.5543992007510421,AccountMode.EXISTING_CONTRACT_DIFF_MAX,,EXTCODEHASH,222.49131069624153,223,False,False,test_account_access,EXTCODEHASH,target_coef
COLD_ACCOUNT_CODE_ACCESS,nethermind,0.0020476379533205555,0.001,0.0012816223104755655,0.0027039517407197065,test_account_access,EXTCODEHASH,target_coef,presets[cold_account_code_access],0.0,0.7874144900641493,0.7637938778490548,AccountMode.EXISTING_CONTRACT_MINIMAL,,EXTCODEHASH,204.76379533205554,205,False,False,test_account_access,EXTCODEHASH,target_coef
COLD_ACCOUNT_CODE_ACCESS,nethermind,0.0022671143325706843,0.001,0.0014764089170874663,0.0029024097460715174,test_account_access,EXTCODEHASH,target_coef,presets[cold_account_code_access],0.0,0.8609343307375691,0.8454825897084101,AccountMode.EXISTING_CONTRACT_SAME_MAX,,EXTCODEHASH,226.71143325706842,227,False,False,test_account_access,EXTCODEHASH,target_coef
COLD_ACCOUNT_CODE_ACCESS,nethermind,0.014957190739521188,0.001,0.01138231483687771,0.01850662309957239,test_account_access,EXTCODESIZE,target_coef,presets[cold_account_code_access],0.0,0.9087433769865287,0.8986037522072542,AccountMode.EXISTING_CONTRACT_DIFF_MAX,,EXTCODESIZE,1495.7190739521188,1496,False,False,test_account_access,EXTCODESIZE,target_coef
COLD_ACCOUNT_CODE_ACCESS,nethermind,0.0018056992290397856,0.001,0.0011741012223330505,0.0023947377930961023,test_account_access,EXTCODESIZE,target_coef,presets[cold_account_code_access],0.0,0.8350064864366887,0.8166738738185431,AccountMode.EXISTING_CONTRACT_MINIMAL,,EXTCODESIZE,180.56992290397855,181,False,False,test_account_access,EXTCODESIZE,target_coef
COLD_ACCOUNT_CODE_ACCESS,nethermind,0.001680839950943948,0.001,0.0011043278802882752,0.0023419190877815264,test_account_access,EXTCODESIZE,target_coef,presets[cold_account_code_access],0.0,0.767572440215238,0.7417471557947088,AccountMode.EXISTING_CONTRACT_SAME_MAX,,EXTCODESIZE,168.0839950943948,169,False,False,test_account_access,EXTCODESIZE,target_coef
COLD_ACCOUNT_CODE_ACCESS,nethermind,0.015119436291996616,0.001,0.011892898780847599,0.01895809767717752,test_account_access,STATICCALL,target_coef,presets[cold_account_code_access],8.90845164404691e-06,0.9024450905280311,0.8916056561422568,AccountMode.EXISTING_CONTRACT_DIFF_MAX,,STATICCALL,1511.9436291996615,1512,False,False,test_account_access,STATICCALL,target_coef
COLD_ACCOUNT_CODE_ACCESS,nethermind,0.00303349414770648,0.001,0.002197837045372112,0.003775266147590262,test_account_access,STATICCALL,target_coef,presets[cold_account_code_access],8.90845164404691e-06,0.8567324033776466,0.8408137815307184,AccountMode.EXISTING_CONTRACT_MINIMAL,,STATICCALL,303.349414770648,304,False,False,test_account_access,STATICCALL,target_coef
COLD_ACCOUNT_CODE_ACCESS,nethermind,0.0016326327219257696,0.001,0.0006418132256010565,0.002804994050189866,test_account_access,STATICCALL,target_coef,presets[cold_account_code_access],8.90845164404691e-06,0.5703688200908158,0.5226320223231287,AccountMode.EXISTING_CONTRACT_SAME_MAX,,STATICCALL,163.26327219257695,164,False,False,test_account_access,STATICCALL,target_coef
COLD_ACCOUNT_CODE_ACCESS,reth,0.018506470812485,0.001,0.01821237317284671,0.01880060110294295,test_account_access,BALANCE,target_coef,presets[cold_account_code_access],0.0,0.9945592415174354,0.9944959768839171,AccountMode.EXISTING_CONTRACT_DIFF_MAX,,BALANCE,1850.6470812485,1851,False,False,test_account_access,BALANCE,target_coef
COLD_ACCOUNT_CODE_ACCESS,reth,0.003515885731976104,0.001,0.0034099540408317037,0.0036257957097094165,test_account_access,BALANCE,target_coef,presets[cold_account_code_access],0.0,0.975213513572303,0.9749252986138415,AccountMode.EXISTING_CONTRACT_MINIMAL,,BALANCE,351.5885731976104,352,False,False,test_account_access,BALANCE,target_coef
COLD_ACCOUNT_CODE_ACCESS,reth,0.003668300074798397,0.001,0.0035366884514320355,0.0037932559663896716,test_account_access,BALANCE,target_coef,presets[cold_account_code_access],0.0,0.9736469987483043,0.9733405685011915,AccountMode.EXISTING_CONTRACT_SAME_MAX,,BALANCE,366.83000747983965,367,False,False,test_account_access,BALANCE,target_coef
COLD_ACCOUNT_CODE_ACCESS,reth,0.02150911674599222,0.001,0.02127098706071512,0.02178123601371608,test_account_access,CALL,target_coef,presets[cold_account_code_access],0.0,0.9962032889037804,0.996159141100336,AccountMode.EXISTING_CONTRACT_DIFF_MAX,,CALL,2150.911674599222,2151,False,False,test_account_access,CALL,target_coef
COLD_ACCOUNT_CODE_ACCESS,reth,0.0038566819530694804,0.001,0.0037341592630002296,0.003970649821857287,test_account_access,CALL,target_coef,presets[cold_account_code_access],0.0,0.9776314459701806,0.9773713465047176,AccountMode.EXISTING_CONTRACT_MINIMAL,,CALL,385.66819530694806,386,False,False,test_account_access,CALL,target_coef
COLD_ACCOUNT_CODE_ACCESS,reth,0.0040089312395534035,0.001,0.0038739968361927103,0.004147728066753388,test_account_access,CALL,target_coef,presets[cold_account_code_access],0.0,0.9751959882404245,0.9749075694990341,AccountMode.EXISTING_CONTRACT_SAME_MAX,,CALL,400.89312395534034,401,False,False,test_account_access,CALL,target_coef
COLD_ACCOUNT_CODE_ACCESS,reth,0.020665075704034343,0.001,0.02045014306834768,0.02094684156385875,test_account_access,CALLCODE,target_coef,presets[cold_account_code_access],0.0,0.9967121698928872,0.9966739393102464,AccountMode.EXISTING_CONTRACT_DIFF_MAX,,CALLCODE,2066.5075704034343,2067,False,False,test_account_access,CALLCODE,target_coef
COLD_ACCOUNT_CODE_ACCESS,reth,0.0035159112544799116,0.001,0.0033856412546994464,0.0036433079140986216,test_account_access,CALLCODE,target_coef,presets[cold_account_code_access],0.0,0.9692143034159296,0.9688563301998357,AccountMode.EXISTING_CONTRACT_MINIMAL,,CALLCODE,351.59112544799115,352,False,False,test_account_access,CALLCODE,target_coef
COLD_ACCOUNT_CODE_ACCESS,reth,0.003517927180981499,0.001,0.0034087106510640405,0.003622822128347444,test_account_access,CALLCODE,target_coef,presets[cold_account_code_access],0.0,0.9753659861437718,0.9750795441221878,AccountMode.EXISTING_CONTRACT_SAME_MAX,,CALLCODE,351.7927180981499,352,False,False,test_account_access,CALLCODE,target_coef
COLD_ACCOUNT_CODE_ACCESS,reth,0.020542683883248123,0.001,0.0203156575952145,0.02077665027453068,test_account_access,DELEGATECALL,target_coef,presets[cold_account_code_access],0.0,0.9964331285462265,0.9963916532967639,AccountMode.EXISTING_CONTRACT_DIFF_MAX,,DELEGATECALL,2054.2683883248123,2055,False,False,test_account_access,DELEGATECALL,target_coef
COLD_ACCOUNT_CODE_ACCESS,reth,0.003615988829730295,0.001,0.0035046597787676743,0.0037294186730195294,test_account_access,DELEGATECALL,target_coef,presets[cold_account_code_access],0.0,0.977901752372659,0.9776447960048992,AccountMode.EXISTING_CONTRACT_MINIMAL,,DELEGATECALL,361.5988829730295,362,False,False,test_account_access,DELEGATECALL,target_coef
COLD_ACCOUNT_CODE_ACCESS,reth,0.0035620176346220964,0.001,0.003459301757316701,0.003659750297597074,test_account_access,DELEGATECALL,target_coef,presets[cold_account_code_access],0.0,0.982272647845084,0.9820665158432826,AccountMode.EXISTING_CONTRACT_SAME_MAX,,DELEGATECALL,356.20176346220967,357,False,False,test_account_access,DELEGATECALL,target_coef
COLD_ACCOUNT_CODE_ACCESS,reth,0.02074715089907753,0.001,0.02051792521410274,0.020995327923019277,test_account_access,EXTCODECOPY,target_coef,presets[cold_account_code_access],0.0,0.996968675217957,0.996933427255375,AccountMode.EXISTING_CONTRACT_DIFF_MAX,,EXTCODECOPY,2074.715089907753,2075,False,False,test_account_access,EXTCODECOPY,target_coef
COLD_ACCOUNT_CODE_ACCESS,reth,0.0036665822172881938,0.001,0.0035245862883914137,0.0038151272215907125,test_account_access,EXTCODECOPY,target_coef,presets[cold_account_code_access],0.0,0.9647834820414156,0.9643739876465484,AccountMode.EXISTING_CONTRACT_MINIMAL,,EXTCODECOPY,366.65822172881934,367,False,False,test_account_access,EXTCODECOPY,target_coef
COLD_ACCOUNT_CODE_ACCESS,reth,0.003570149444395696,0.001,0.0034529745215850713,0.003701660358913375,test_account_access,EXTCODECOPY,target_coef,presets[cold_account_code_access],0.0,0.9758472885913138,0.9755664431098174,AccountMode.EXISTING_CONTRACT_SAME_MAX,,EXTCODECOPY,357.0149444395696,358,False,False,test_account_access,EXTCODECOPY,target_coef
COLD_ACCOUNT_CODE_ACCESS,reth,0.01812776856520995,0.001,0.017844273909095588,0.018430414200439213,test_account_access,EXTCODEHASH,target_coef,presets[cold_account_code_access],0.0,0.9957283208863701,0.9956786501990023,AccountMode.EXISTING_CONTRACT_DIFF_MAX,,EXTCODEHASH,1812.7768565209951,1813,False,False,test_account_access,EXTCODEHASH,target_coef
COLD_ACCOUNT_CODE_ACCESS,reth,0.0035549572130046596,0.001,0.003421125991243556,0.003677074396482613,test_account_access,EXTCODEHASH,target_coef,presets[cold_account_code_access],0.0,0.9724334252959762,0.9721128837296503,AccountMode.EXISTING_CONTRACT_MINIMAL,,EXTCODEHASH,355.4957213004659,356,False,False,test_account_access,EXTCODEHASH,target_coef
COLD_ACCOUNT_CODE_ACCESS,reth,0.0035499288700488714,0.001,0.0034252678681469763,0.0036891410510178978,test_account_access,EXTCODEHASH,target_coef,presets[cold_account_code_access],0.0,0.9767825881079051,0.976512618202183,AccountMode.EXISTING_CONTRACT_SAME_MAX,,EXTCODEHASH,354.99288700488717,355,False,False,test_account_access,EXTCODEHASH,target_coef
COLD_ACCOUNT_CODE_ACCESS,reth,0.02039762073877631,0.001,0.020042940991559136,0.020768384165324026,test_account_access,EXTCODESIZE,target_coef,presets[cold_account_code_access],0.0,0.9938422321288489,0.9937706301768588,AccountMode.EXISTING_CONTRACT_DIFF_MAX,,EXTCODESIZE,2039.7620738776309,2040,False,False,test_account_access,EXTCODESIZE,target_coef
COLD_ACCOUNT_CODE_ACCESS,reth,0.003552900432152139,0.001,0.0034158979238088647,0.003701333834800238,test_account_access,EXTCODESIZE,target_coef,presets[cold_account_code_access],0.0,0.9672377701639232,0.9668568140030386,AccountMode.EXISTING_CONTRACT_MINIMAL,,EXTCODESIZE,355.2900432152139,356,False,False,test_account_access,EXTCODESIZE,target_coef
COLD_ACCOUNT_CODE_ACCESS,reth,0.003544727837319256,0.001,0.0033764141036830056,0.0037372399096293157,test_account_access,EXTCODESIZE,target_coef,presets[cold_account_code_access],0.0,0.9580825767994954,0.9575951649018151,AccountMode.EXISTING_CONTRACT_SAME_MAX,,EXTCODESIZE,354.4727837319256,355,False,False,test_account_access,EXTCODESIZE,target_coef
COLD_ACCOUNT_CODE_ACCESS,reth,0.02159104301469357,0.001,0.021347976735745032,0.021830382030391348,test_account_access,STATICCALL,target_coef,presets[cold_account_code_access],0.0,0.9960827241749897,0.9960371744560942,AccountMode.EXISTING_CONTRACT_DIFF_MAX,,STATICCALL,2159.1043014693573,2160,False,True,test_account_access,STATICCALL,target_coef
COLD_ACCOUNT_CODE_ACCESS,reth,0.003979041766241724,0.001,0.0038426119171661556,0.004138445014765114,test_account_access,STATICCALL,target_coef,presets[cold_account_code_access],0.0,0.969254006808465,0.9688964952597262,AccountMode.EXISTING_CONTRACT_MINIMAL,,STATICCALL,397.90417662417235,398,False,False,test_account_access,STATICCALL,target_coef
COLD_ACCOUNT_CODE_ACCESS,reth,0.003993337797265313,0.001,0.0038630384892282877,0.0041186537605458285,test_account_access,STATICCALL,target_coef,presets[cold_account_code_access],0.0,0.9747129464026282,0.974418910895682,AccountMode.EXISTING_CONTRACT_SAME_MAX,,STATICCALL,399.3337797265313,400,False,False,test_account_access,STATICCALL,target_coef
COLD_ACCOUNT_CODE_WRITE,besu,0.07404157644076471,0.001,0.07086071827463329,0.0775771100166111,test_account_access,CALL,target_coef,presets[cold_account_code_write],0.0008763449399686802,0.9819230978123962,0.981492695379358,AccountMode.EXISTING_CONTRACT_DIFF_MAX,,CALL,7404.157644076471,7405,False,True,test_account_access,CALL,target_coef
COLD_ACCOUNT_CODE_WRITE,besu,0.06865064586924434,0.001,0.06487816233903244,0.07246356811346402,test_account_access,CALL,target_coef,presets[cold_account_code_write],0.0008763449399686802,0.9699280991713005,0.9692121015325219,AccountMode.EXISTING_CONTRACT_MINIMAL,,CALL,6865.064586924434,6866,False,False,test_account_access,CALL,target_coef
COLD_ACCOUNT_CODE_WRITE,besu,0.06423577378004433,0.001,0.06037117083390466,0.06784774016121324,test_account_access,CALL,target_coef,presets[cold_account_code_write],0.0008763449399686802,0.9645536105755933,0.9637096489226312,AccountMode.EXISTING_CONTRACT_SAME_MAX,,CALL,6423.577378004433,6424,False,False,test_account_access,CALL,target_coef
COLD_ACCOUNT_CODE_WRITE,besu,0.026141123080280926,0.001,0.02312904616022756,0.028844419695474334,test_account_access,CALLCODE,target_coef,presets[cold_account_code_write],0.0008763449399686802,0.9238752660377844,0.9220627723720173,AccountMode.EXISTING_CONTRACT_DIFF_MAX,,CALLCODE,2614.1123080280927,2615,False,False,test_account_access,CALLCODE,target_coef
COLD_ACCOUNT_CODE_WRITE,besu,0.02229688565718984,0.001,0.020659090148717217,0.0238710532845207,test_account_access,CALLCODE,target_coef,presets[cold_account_code_write],0.0008763449399686802,0.954044844840549,0.9529506744796097,AccountMode.EXISTING_CONTRACT_MINIMAL,,CALLCODE,2229.6885657189837,2230,False,False,test_account_access,CALLCODE,target_coef
COLD_ACCOUNT_CODE_WRITE,besu,0.021665597928328055,0.001,0.020001302365664463,0.0229500958571177,test_account_access,CALLCODE,target_coef,presets[cold_account_code_write],0.0008763449399686802,0.955981374321993,0.9549333118058501,AccountMode.EXISTING_CONTRACT_SAME_MAX,,CALLCODE,2166.559792832805,2167,False,False,test_account_access,CALLCODE,target_coef
COLD_ACCOUNT_CODE_WRITE,geth,0.0495896293788418,0.001,0.04729835408515754,0.05193949642953857,test_account_access,CALL,target_coef,presets[cold_account_code_write],0.0,0.9563466838527327,0.9557646396374357,AccountMode.EXISTING_CONTRACT_DIFF_MAX,,CALL,4958.96293788418,4959,False,False,test_account_access,CALL,target_coef
COLD_ACCOUNT_CODE_WRITE,geth,0.05075239519143289,0.001,0.04882535493554114,0.052700489581526275,test_account_access,CALL,target_coef,presets[cold_account_code_write],0.0,0.9702452830683181,0.969848553509229,AccountMode.EXISTING_CONTRACT_MINIMAL,,CALL,5075.239519143289,5076,False,False,test_account_access,CALL,target_coef
COLD_ACCOUNT_CODE_WRITE,geth,0.052311885452998585,0.001,0.05049615996661055,0.05391826536456323,test_account_access,CALL,target_coef,presets[cold_account_code_write],0.0,0.9781541973242042,0.9778549397533028,AccountMode.EXISTING_CONTRACT_SAME_MAX,,CALL,5231.188545299859,5232,False,True,test_account_access,CALL,target_coef
COLD_ACCOUNT_CODE_WRITE,geth,0.029476292797505577,0.001,0.027558880096028603,0.031393602358263474,test_account_access,CALLCODE,target_coef,presets[cold_account_code_write],0.0,0.9213853164197278,0.9203084029460253,AccountMode.EXISTING_CONTRACT_DIFF_MAX,,CALLCODE,2947.6292797505575,2948,False,False,test_account_access,CALLCODE,target_coef
COLD_ACCOUNT_CODE_WRITE,geth,0.005474550296498208,0.001,0.0046202537380736035,0.006311281984446087,test_account_access,CALLCODE,target_coef,presets[cold_account_code_write],0.0,0.7221621797920794,0.7182489710567566,AccountMode.EXISTING_CONTRACT_MINIMAL,,CALLCODE,547.4550296498207,548,False,False,test_account_access,CALLCODE,target_coef
COLD_ACCOUNT_CODE_WRITE,geth,0.005278188960541876,0.001,0.004498595332026812,0.00603943777573959,test_account_access,CALLCODE,target_coef,presets[cold_account_code_write],0.0,0.6988591152076683,0.6947338976077734,AccountMode.EXISTING_CONTRACT_SAME_MAX,,CALLCODE,527.8188960541876,528,False,False,test_account_access,CALLCODE,target_coef
COLD_ACCOUNT_CODE_WRITE,nethermind,0.05226880376535973,0.001,0.04585651599202009,0.05911107200374631,test_account_access,CALL,target_coef,presets[cold_account_code_write],1.781690328809382e-05,0.9642462908400647,0.9602736564889608,AccountMode.EXISTING_CONTRACT_DIFF_MAX,,CALL,5226.880376535973,5227,False,True,test_account_access,CALL,target_coef
COLD_ACCOUNT_CODE_WRITE,nethermind,0.03546844191827887,0.001,0.030410714878211773,0.040750086245914224,test_account_access,CALL,target_coef,presets[cold_account_code_write],1.781690328809382e-05,0.9645879313034444,0.9606532570038272,AccountMode.EXISTING_CONTRACT_MINIMAL,,CALL,3546.8441918278872,3547,False,False,test_account_access,CALL,target_coef
COLD_ACCOUNT_CODE_WRITE,nethermind,0.03334707839550877,0.001,0.027323978991089355,0.03688974487479776,test_account_access,CALL,target_coef,presets[cold_account_code_write],1.781690328809382e-05,0.9707544115650737,0.9675049017389707,AccountMode.EXISTING_CONTRACT_SAME_MAX,,CALL,3334.7078395508765,3335,False,False,test_account_access,CALL,target_coef
COLD_ACCOUNT_CODE_WRITE,nethermind,0.02302139570818218,0.001,0.014582386701244409,0.03287926095389361,test_account_access,CALLCODE,target_coef,presets[cold_account_code_write],1.781690328809382e-05,0.7683993278452972,0.742665919828108,AccountMode.EXISTING_CONTRACT_DIFF_MAX,,CALLCODE,2302.139570818218,2303,False,False,test_account_access,CALLCODE,target_coef
COLD_ACCOUNT_CODE_WRITE,nethermind,0.0033670247838913938,0.001,0.0013412647424770894,0.005040325635860359,test_account_access,CALLCODE,target_coef,presets[cold_account_code_write],1.781690328809382e-05,0.624028324306972,0.5822536936744134,AccountMode.EXISTING_CONTRACT_MINIMAL,,CALLCODE,336.7024783891394,337,False,False,test_account_access,CALLCODE,target_coef
COLD_ACCOUNT_CODE_WRITE,nethermind,0.004649435257274313,0.001,0.003594093258440298,0.00543952795424038,test_account_access,CALLCODE,target_coef,presets[cold_account_code_write],1.781690328809382e-05,0.9056801273961692,0.8952001415512991,AccountMode.EXISTING_CONTRACT_SAME_MAX,,CALLCODE,464.94352572743134,465,False,False,test_account_access,CALLCODE,target_coef
COLD_ACCOUNT_CODE_WRITE,reth,0.052238950705122855,0.001,0.05075157073912802,0.05349597290941993,test_account_access,CALL,target_coef,presets[cold_account_code_write],0.0,0.9827454198480686,0.9825447851951392,AccountMode.EXISTING_CONTRACT_DIFF_MAX,,CALL,5223.895070512285,5224,False,True,test_account_access,CALL,target_coef
COLD_ACCOUNT_CODE_WRITE,reth,0.031960294660185615,0.001,0.0313215250415571,0.03268170995074417,test_account_access,CALL,target_coef,presets[cold_account_code_write],0.0,0.989399814242716,0.9892765562687941,AccountMode.EXISTING_CONTRACT_MINIMAL,,CALL,3196.0294660185614,3197,False,False,test_account_access,CALL,target_coef
COLD_ACCOUNT_CODE_WRITE,reth,0.033156510810985786,0.001,0.03245417550000139,0.033871804946889794,test_account_access,CALL,target_coef,presets[cold_account_code_write],0.0,0.9895543984684285,0.9894329379855032,AccountMode.EXISTING_CONTRACT_SAME_MAX,,CALL,3315.6510810985783,3316,False,False,test_account_access,CALL,target_coef
COLD_ACCOUNT_CODE_WRITE,reth,0.022946618060811833,0.001,0.02244832689036395,0.0235234714463037,test_account_access,CALLCODE,target_coef,presets[cold_account_code_write],0.0,0.9860658723823563,0.9859038476426163,AccountMode.EXISTING_CONTRACT_DIFF_MAX,,CALLCODE,2294.6618060811834,2295,False,False,test_account_access,CALLCODE,target_coef
COLD_ACCOUNT_CODE_WRITE,reth,0.005899255021438647,0.001,0.005641352462577488,0.006149347890512457,test_account_access,CALLCODE,target_coef,presets[cold_account_code_write],0.0,0.955319511028467,0.9547999704590306,AccountMode.EXISTING_CONTRACT_MINIMAL,,CALLCODE,589.9255021438646,590,False,False,test_account_access,CALLCODE,target_coef
COLD_ACCOUNT_CODE_WRITE,reth,0.005871371113809723,0.001,0.005580110572219611,0.006158800206079333,test_account_access,CALLCODE,target_coef,presets[cold_account_code_write],0.0,0.9526426377089373,0.9520919707055528,AccountMode.EXISTING_CONTRACT_SAME_MAX,,CALLCODE,587.1371113809723,588,False,False,test_account_access,CALLCODE,target_coef
STORAGE_WRITE,,,,,,<derived>,<derived>,<derived>,<derived>,0.0,,,,,,12001.0,12001,False,False,,,
ACCOUNT_WRITE,,,,,,<derived>,<derived>,<derived>,<derived>,0.0,,,,,,12786.0,12786,False,False,,,
REFUND_STORAGE_CLEAR,,,,,,<derived>,<derived>,<derived>,<derived>,0.0,,,,,,13709.76,13710,False,False,,,
TX_ACCESS_LIST_STORAGE_KEY,,,,,,<derived>,<derived>,<derived>,<derived>,0.0,,,,,,2280.0,2280,False,False,,,
TX_ACCESS_LIST_ADDRESS,,,,,,<derived>,<derived>,<derived>,<derived>,0.0,,,,,,2247.0,2247,False,False,,,
